sample_name	seqnames	start	end	width	strand	score	annotation	tss_distance	gene_seqnames	gene_start	gene_end	gene_width	gene_strand	gene_id	transcript_id	gene_version	gene_name	gene_source	gene_biotype
Mouse BM 25.00%	5	28975634	28975634	1	-	73	Distal Intergenic	-303380	5	28661813	28672254	10442	2	ENSMUSG00000002633	ENSMUST00000002708	5	Shh	ensembl_havana	protein_coding
Mouse BM 25.00%	X	106214727	106214727	1	-	57	Distal Intergenic	4373	20	106218216	106219100	885	2	ENSMUSG00000082630	ENSMUST00000119416	2	Gm14834	havana	processed_pseudogene
Mouse BM 25.00%	3	142135877	142135877	1	+	44	Distal Intergenic	-63862	3	142199739	142216865	17127	1	ENSMUSG00000105504	ENSMUST00000198803	5	Gbp5	ensembl_havana	protein_coding
Mouse BM 25.00%	16	51889083	51889083	1	+	45	Intron (ENSMUST00000114471/ENSMUSG00000022637, intron 3 of 17)	19067	16	51870016	52025748	155733	1	ENSMUSG00000022637	ENSMUST00000227756	12	Cblb	ensembl_havana	protein_coding
Mouse BM 25.00%	8	81022368	81022368	1	-	44	Distal Intergenic	29569	8	81039702	81051937	12236	2	ENSMUSG00000120253	ENSMUST00000242112	1	Gm30660	havana_tagene	lncRNA
Mouse BM 25.00%	10	24712271	24712271	1	-	34	Promoter (<=1kb)	-148	10	24648304	24712123	63820	2	ENSMUSG00000019989	ENSMUST00000020169	9	Enpp3	ensembl_havana	protein_coding
Mouse BM 25.00%	17	65965764	65965764	1	-	29	Intron (ENSMUST00000070673/ENSMUSG00000056515, intron 6 of 6)	2809	17	65968322	65968573	252	2	ENSMUSG00000117114	ENSMUST00000233942	2	Gm49867	havana	processed_pseudogene
Mouse BM 25.00%	3	40658742	40658742	1	-	23	Distal Intergenic	-45146	3	40613297	40613596	300	2	ENSMUSG00000089932	ENSMUST00000161930	2	Gm16114	havana	processed_pseudogene
Mouse BM 25.00%	4	131557961	131557961	1	-	40	Intron (ENSMUST00000105987/ENSMUSG00000028909, intron 1 of 29)	7581	4	131496809	131565542	68734	2	ENSMUSG00000028909	ENSMUST00000030741	18	Ptpru	ensembl_havana	protein_coding
Mouse BM 25.00%	18	75497073	75497073	1	-	22	Exon (ENSMUST00000249573/ENSMUSG00000092569, exon 4 of 5)	825	18	75491711	75497898	6188	2	ENSMUSG00000092569	ENSMUST00000249487	4	Gm20544	havana	lncRNA
Mouse BM 25.00%	13	6606917	6606917	1	+	20	Intron (ENSMUST00000021611/ENSMUSG00000021193, intron 7 of 25)	8646	13	6598271	6606740	8470	1	ENSMUSG00000021193	ENSMUST00000220454	11	Pitrm1	ensembl_havana	protein_coding
Mouse BM 25.00%	11	54646459	54646459	1	+	34	Distal Intergenic	26956	11	54619503	54625149	5647	1	ENSMUSG00000086039	ENSMUST00000147847	2	Gm12227	havana	lncRNA
Mouse BM 25.00%	12	13498860	13498860	1	-	42	Distal Intergenic	7111	12	13505024	13505971	948	2	ENSMUSG00000071414	ENSMUST00000166583	6	Gm6736	havana	processed_pseudogene
Mouse BM 25.00%	3	75563882	75563882	1	+	15	Distal Intergenic	37228	3	75526654	75530667	4014	1	ENSMUSG00000102625	ENSMUST00000192682	2	Gm37672	havana	TEC
Mouse BM 25.00%	13	108392206	108392206	1	-	11	Distal Intergenic	-22117	13	108369623	108370089	467	2	ENSMUSG00000114507	ENSMUST00000225536	2	Gm30747	havana	processed_pseudogene
Mouse BM 25.00%	12	40281949	40281949	1	-	23	Intron (ENSMUST00000169926/ENSMUSG00000001627, intron 2 of 5)	-6168	12	40275262	40275781	520	2	ENSMUSG00000113181	ENSMUST00000222014	2	Gm47954	havana	processed_pseudogene
Mouse BM 25.00%	10	12713748	12713748	1	+	11	Distal Intergenic	-8084	10	12721832	12722285	454	1	ENSMUSG00000112698	ENSMUST00000219425	2	Gm7525	havana	processed_pseudogene
Mouse BM 25.00%	X	129399411	129399411	1	-	12	Distal Intergenic	15127	20	129413863	129414538	676	2	ENSMUSG00000083920	ENSMUST00000117820	2	Gm14987	havana	processed_pseudogene
Mouse BM 25.00%	14	60312510	60312510	1	-	34	Intron (ENSMUST00000080368/ENSMUSG00000021983, intron 1 of 35)	11773	14	59875989	60324283	448295	2	ENSMUSG00000021983	ENSMUST00000080368	17	Atp8a2	ensembl_havana	protein_coding
Mouse BM 25.00%	2	9943914	9943914	1	-	17	Intron (ENSMUST00000026888/ENSMUSG00000025782, intron 4 of 6)	2648	2	9920102	9946562	26461	2	ENSMUSG00000025782	ENSMUST00000129720	13	Taf3	ensembl_havana	protein_coding
Mouse BM 25.00%	11	20865804	20865804	1	-	23	Distal Intergenic	21897	11	20887576	20887701	126	2	ENSMUSG00002075334	ENSMUST00020181786	1	Gm56407	ensembl	miRNA
Mouse BM 25.00%	2	64815698	64815698	1	-	18	Intron (ENSMUST00000028252/ENSMUSG00000026888, intron 2 of 13)	-9585	2	64760533	64806113	45581	2	ENSMUSG00000026888	ENSMUST00000156765	15	Grb14	ensembl_havana	protein_coding
Mouse BM 25.00%	3	79803786	79803786	1	-	32	Distal Intergenic	-9673	3	79766600	79794113	27514	2	ENSMUSG00000102191	ENSMUST00000195082	3	Gm36569	havana	lncRNA
Mouse BM 25.00%	12	9299519	9299519	1	+	13	Distal Intergenic	-121919	12	9421438	9523770	102333	1	ENSMUSG00000113913	ENSMUST00000223136	2	Gm46323	havana	lncRNA
Mouse BM 25.00%	5	32850871	32850871	1	+	21	Distal Intergenic	-2222	5	32853093	32870368	17276	1	ENSMUSG00000118435	ENSMUST00000238745	3	Gm50482	havana	unitary_pseudogene
Mouse BM 25.00%	19	24738897	24738897	1	+	14	Distal Intergenic	87525	19	24651372	24659597	8226	1	ENSMUSG00000048572	ENSMUST00000057243	6	Tmem252	ensembl_havana	protein_coding
Mouse BM 25.00%	17	66453605	66453605	1	-	16	Distal Intergenic	41381	17	66494653	66494986	334	2	ENSMUSG00000117253	ENSMUST00000233943	2	Gm49930	havana	processed_pseudogene
Mouse BM 25.00%	3	125875459	125875459	1	-	18	Distal Intergenic	70913	3	125946105	125946372	268	2	ENSMUSG00002076235	ENSMUST00020182072	1	Gm54735	ensembl	misc_RNA
Mouse BM 25.00%	16	70004858	70004858	1	-	6	Distal Intergenic	-63698	16	69940053	69941160	1108	2	ENSMUSG00000116531	ENSMUST00000232445	2	Gm19082	havana	processed_pseudogene
Mouse BM 25.00%	3	65543765	65543765	1	-	18	Distal Intergenic	-20170	3	65522789	65523595	807	2	ENSMUSG00000103294	ENSMUST00000194259	2	Gm38233	havana	processed_pseudogene
Mouse BM 25.00%	5	26123882	26123882	1	+	10	Distal Intergenic	-37742	5	26161624	26162719	1096	1	ENSMUSG00000104651	ENSMUST00000199646	2	Gm21168	havana	processed_pseudogene
Mouse BM 25.00%	18	83587812	83587812	1	-	17	Distal Intergenic	33370	18	83618513	83621182	2670	2	ENSMUSG00000117658	ENSMUST00000237771	2	Gm50417	havana	lncRNA
Mouse BM 25.00%	13	118530851	118530851	1	+	6	Distal Intergenic	7685	13	118523166	118524660	1495	1	ENSMUSG00000097411	ENSMUST00000181168	3	B430218F22Rik	ensembl_havana	lncRNA
Mouse BM 25.00%	2	38778725	38778725	1	+	15	Distal Intergenic	26550	2	38752175	38755545	3371	1	ENSMUSG00000107468	ENSMUST00000204297	2	5730507A11Rik	havana	TEC
Mouse BM 25.00%	7	67387500	67387500	1	+	28	Intron (ENSMUST00000208764/ENSMUSG00000030555, intron 5 of 6)	12491	7	67375009	67375762	754	1	ENSMUSG00000030555	ENSMUST00000154697	17	Ttc23	ensembl_havana	protein_coding
Mouse BM 25.00%	9	114568144	114568144	1	-	9	Distal Intergenic	36375	9	114592360	114604519	12160	2	ENSMUSG00000032436	ENSMUST00000217056	18	Cmtm7	ensembl_havana	protein_coding
Mouse BM 25.00%	3	32594289	32594289	1	-	4	Distal Intergenic	-27796	3	32565952	32566493	542	2	ENSMUSG00000104231	ENSMUST00000192741	2	Gm37592	havana	lncRNA
Mouse BM 25.00%	10	20593098	20593098	1	-	5	Intron (ENSMUST00000020165/ENSMUSG00000019990, intron 1 of 12)	7344	10	20276164	20600442	324279	2	ENSMUSG00000019990	ENSMUST00000170265	16	Pde7b	ensembl_havana	protein_coding
Mouse BM 25.00%	18	24341802	24341802	1	+	17	Intron (ENSMUST00000000430/ENSMUSG00000000420, intron 1 of 12)	2786	18	24339016	24387687	48672	1	ENSMUSG00000000420	ENSMUST00000164998	16	Galnt1	ensembl_havana	protein_coding
Mouse BM 25.00%	16	94976852	94976852	1	+	23	Distal Intergenic	73589	16	94903263	94904055	793	1	ENSMUSG00000116667	ENSMUST00000232306	2	Gm49641	havana	processed_pseudogene
Mouse BM 25.00%	16	87451720	87451720	1	+	8	Distal Intergenic	-44113	16	87495833	87530234	34402	1	ENSMUSG00000025612	ENSMUST00000026703	6	Bach1	ensembl_havana	protein_coding
Mouse BM 25.00%	3	146483020	146483020	1	+	5	Distal Intergenic	-25898	3	146508918	146509596	679	1	ENSMUSG00000104946	ENSMUST00000198392	2	Gm19104	havana	processed_pseudogene
Mouse BM 25.00%	16	77096626	77096626	1	+	19	Intron (ENSMUST00000244279/ENSMUSG00000090386, intron 2 of 4)	-29411	16	77126037	77488293	362257	1	ENSMUSG00000090386	ENSMUST00000242335	12	Mir99ahg	ensembl_havana	lncRNA
Mouse BM 25.00%	8	14695110	14695110	1	+	7	Intron (ENSMUST00000152652/ENSMUSG00000047495, intron 3 of 14)	-97643	8	14792753	14810902	18150	1	ENSMUSG00000047495	ENSMUST00000137130	16	Dlgap2	ensembl_havana	protein_coding
Mouse BM 25.00%	14	118980144	118980144	1	-	4	Distal Intergenic	-7587	14	118965206	118972557	7352	2	ENSMUSG00000098630	ENSMUST00000184172	2	Gm27198	havana	lncRNA
Mouse BM 25.00%	13	29912750	29912750	1	-	9	Intron (ENSMUST00000140278/ENSMUSG00000006191, intron 5 of 16)	126664	13	29961279	30039414	78136	2	ENSMUSG00000006191	ENSMUST00000124532	18	Cdkal1	ensembl_havana	protein_coding
Mouse BM 25.00%	14	30641754	30641754	1	-	3	Intron (ENSMUST00000006697/ENSMUSG00000006522, intron 6 of 21)	3752	14	30630640	30645506	14867	2	ENSMUSG00000006522	ENSMUST00000227995	18	Itih3	ensembl_havana	protein_coding
Mouse BM 25.00%	9	47601678	47601678	1	-	6	Distal Intergenic	86357	9	47685089	47688035	2947	2	ENSMUSG00000111155	ENSMUST00000216522	2	Gm47197	havana	TEC
Mouse BM 25.00%	18	88919247	88919247	1	-	3	Intron (ENSMUST00000147313/ENSMUSG00000056153, intron 1 of 2)	-6771	18	88886619	88912476	25858	2	ENSMUSG00000056153	ENSMUST00000125362	16	Socs6	ensembl_havana	protein_coding
Mouse BM 25.00%	16	10709532	10709532	1	+	4	Intron (ENSMUST00000181721/ENSMUSG00000037991, intron 5 of 5)	56600	16	10652932	10710830	57899	1	ENSMUSG00000037991	ENSMUST00000181721	10	Rmi2	ensembl_havana	protein_coding
Mouse BM 25.00%	10	29670270	29670270	1	+	7	Distal Intergenic	12863	10	29657407	29657995	589	1	ENSMUSG00000111427	ENSMUST00000215034	2	Gm6390	havana	processed_pseudogene
Mouse BM 25.00%	12	99659065	99659065	1	+	6	Distal Intergenic	49731	12	99609334	99613482	4149	1	ENSMUSG00000113136	ENSMUST00000222616	3	Gm19951	havana	lncRNA
Mouse BM 25.00%	1	186688608	186688608	1	+	4	Distal Intergenic	-4097	1	186692705	186693710	1006	1	ENSMUSG00000097935	ENSMUST00000180973	2	Gm3809	havana	processed_pseudogene
Mouse BM 25.00%	8	127386170	127386170	1	-	3	Distal Intergenic	-64862	8	127320858	127321308	451	2	ENSMUSG00000120025	ENSMUST00000241069	1	Gm56824	havana_tagene	lncRNA
Mouse BM 25.00%	8	61065193	61065193	1	+	6	Distal Intergenic	-20668	8	61085861	61127967	42107	1	ENSMUSG00000031647	ENSMUST00000161421	11	Mfap3l	ensembl_havana	protein_coding
Mouse BM 25.00%	10	70092306	70092306	1	+	5	Intron (ENSMUST00000046807/ENSMUSG00000037762, intron 2 of 5)	-10503	10	70102809	70119910	17102	1	ENSMUSG00000037762	ENSMUST00000155933	7	Slc16a9	ensembl_havana	protein_coding
Mouse BM 25.00%	18	56763218	56763218	1	+	6	Distal Intergenic	-37632	18	56800850	56801294	445	1	ENSMUSG00000118275	ENSMUST00000235398	2	Gm50289	havana	processed_pseudogene
Mouse BM 25.00%	7	80743052	80743052	1	-	7	Distal Intergenic	68440	7	80811145	80811492	348	2	ENSMUSG00000083820	ENSMUST00000118488	2	Ndufs6b	havana	processed_pseudogene
Mouse BM 25.00%	19	25589251	25589251	1	+	5	Intron (ENSMUST00000048935/ENSMUSG00000042372, intron 1 of 1)	1350	19	25587901	25601285	13385	1	ENSMUSG00000042372	ENSMUST00000048935	6	Dmrt3	ensembl_havana	protein_coding
Mouse BM 25.00%	19	3701147	3701147	1	-	5	Intron (ENSMUST00000025856/ENSMUSG00000024913, intron 3 of 22)	-35355	19	3634836	3665792	30957	2	ENSMUSG00000024913	ENSMUST00000177294	17	Lrp5	ensembl_havana	protein_coding
Mouse BM 25.00%	12	24678439	24678439	1	+	8	Distal Intergenic	-22834	12	24701273	24712788	11516	1	ENSMUSG00000020653	ENSMUST00000020982	13	Klf11	ensembl_havana	protein_coding
Mouse BM 25.00%	5	58009927	58009927	1	+	14	Intron (ENSMUST00000191837/ENSMUSG00000029108, intron 1 of 2)	-47149	5	58057076	58057649	574	1	ENSMUSG00000104564	ENSMUST00000198743	2	Gm17977	havana	transcribed_processed_pseudogene
Mouse BM 25.00%	7	74303170	74303170	1	-	15	Distal Intergenic	-98642	7	73945119	74204528	259410	2	ENSMUSG00000025790	ENSMUST00000107453	15	Slco3a1	ensembl_havana	protein_coding
Mouse BM 25.00%	1	22626030	22626030	1	-	6	Intron (ENSMUST00000081544/ENSMUSG00000041670, intron 5 of 27)	-74420	1	22522235	22551610	29376	2	ENSMUSG00000041670	ENSMUST00000239255	20	Rims1	ensembl_havana	protein_coding
Mouse BM 25.00%	11	18844258	18844258	1	+	2	Distal Intergenic	-114870	11	18959128	18961183	2056	1	ENSMUSG00000084085	ENSMUST00000117191	3	Gm16140	havana	lncRNA
Mouse BM 25.00%	12	32453671	32453671	1	-	3	Intron (ENSMUST00000218751/ENSMUSG00000112865, intron 4 of 6)	28251	12	32440767	32481922	41156	2	ENSMUSG00000112865	ENSMUST00000218751	2	Gm40375	havana	lncRNA
Mouse BM 25.00%	12	3971364	3971364	1	-	7	Distal Intergenic	10676	12	3981533	3982040	508	2	ENSMUSG00000112271	ENSMUST00000220237	2	Gm9088	havana	processed_pseudogene
Mouse BM 25.00%	15	50518273	50518273	1	-	3	3' UTR	172644	15	50682895	50690917	8023	2	ENSMUSG00000038679	ENSMUST00000183421	18	Trps1	ensembl_havana	protein_coding
Mouse BM 25.00%	18	5707486	5707486	1	+	4	Intron (ENSMUST00000025081/ENSMUSG00000024238, intron 2 of 7)	-23595	18	5731081	5772804	41724	1	ENSMUSG00000024238	ENSMUST00000177030	16	Zeb1	ensembl_havana	protein_coding
Mouse BM 25.00%	6	48542011	48542011	1	-	3	Distal Intergenic	7569	6	48546630	48549580	2951	2	ENSMUSG00000009281	ENSMUST00000203541	7	Rarres2	ensembl_havana	protein_coding
Mouse BM 25.00%	10	5480382	5480382	1	+	6	Distal Intergenic	-63393	10	5543775	5556904	13130	1	ENSMUSG00000046916	ENSMUST00000051809	10	Myct1	ensembl_havana	protein_coding
Mouse BM 25.00%	16	63317996	63317996	1	+	5	Distal Intergenic	385943	16	62932053	62932548	496	1	ENSMUSG00000116612	ENSMUST00000231788	2	Gm49621	havana	processed_pseudogene
Mouse BM 25.00%	16	20918660	20918660	1	-	3	Distal Intergenic	-36816	16	20880963	20881844	882	2	ENSMUSG00000116710	ENSMUST00000232295	2	Gm6557	havana	unprocessed_pseudogene
Mouse BM 25.00%	2	6357737	6357737	1	+	3	Promoter (<=1kb)	193	2	6357544	6448305	90762	1	ENSMUSG00000039046	ENSMUST00000042503	16	Usp6nl	ensembl_havana	protein_coding
Mouse BM 25.00%	11	53327330	53327330	1	-	13	Distal Intergenic	-5672	11	53319780	53321658	1879	2	ENSMUSG00000044894	ENSMUST00000156503	15	Uqcrq	ensembl_havana	protein_coding
Mouse BM 25.00%	7	73690292	73690292	1	+	13	Distal Intergenic	92121	7	73598171	73607790	9620	1	ENSMUSG00000102384	ENSMUST00000191751	2	Gm38143	havana	lncRNA
Mouse BM 25.00%	7	75369641	75369641	1	-	7	Distal Intergenic	37475	7	75407007	75407116	110	2	ENSMUSG00002076060	ENSMUST00020181771	1	Gm55660	ensembl	miRNA
Mouse BM 25.00%	18	4009569	4009569	1	-	2	Distal Intergenic	42967	18	4052351	4052536	186	2	ENSMUSG00000117565	ENSMUST00000234182	2	Gm6248	havana	processed_pseudogene
Mouse BM 25.00%	2	58031800	58031800	1	-	2	Intron (ENSMUST00000028175/ENSMUSG00000026832, intron 6 of 7)	15009	2	58024078	58046809	22732	2	ENSMUSG00000026832	ENSMUST00000131443	13	Cytip	ensembl_havana	protein_coding
Mouse BM 25.00%	10	94966205	94966205	1	-	3	Intron (ENSMUST00000220248/ENSMUSG00000112481, intron 2 of 3)	6531	10	94970152	94972736	2585	2	ENSMUSG00000112501	ENSMUST00000217798	2	Gm33091	havana	lncRNA
Mouse BM 25.00%	6	54221208	54221208	1	+	5	Intron (ENSMUST00000046856/ENSMUSG00000004633, intron 6 of 12)	-20635	6	54241843	54277278	35436	1	ENSMUSG00000004633	ENSMUST00000146114	18	Chn2	ensembl_havana	protein_coding
Mouse BM 25.00%	3	25963978	25963978	1	-	6	Intron (ENSMUST00000193603/ENSMUSG00000063887, intron 5 of 7)	-209511	3	25749359	25754467	5109	2	ENSMUSG00000102397	ENSMUST00000193993	2	Gm37573	havana	lncRNA
Mouse BM 25.00%	3	151030972	151030972	1	-	2	Distal Intergenic	-201417	3	150823559	150829555	5997	2	ENSMUSG00000104816	ENSMUST00000200442	2	Gm43473	havana	TEC
Mouse BM 25.00%	12	53001204	53001204	1	-	2	Distal Intergenic	92405	12	53093491	53093609	119	2	ENSMUSG00000119139	ENSMUST00000083299	1	n-R5s58	ensembl	rRNA
Mouse BM 25.00%	18	42011135	42011135	1	+	2	Distal Intergenic	-175597	18	42186732	42292025	105294	1	ENSMUSG00000057719	ENSMUST00000072008	12	Sh3rf2	ensembl_havana	protein_coding
Mouse BM 25.00%	9	111935081	111935081	1	-	2	Intron (ENSMUST00000070218/ENSMUSG00000032503, intron 17 of 18)	12698	9	111947704	111947779	76	2	ENSMUSG00000065441	ENSMUST00000083507	4	Mir128-2	mirbase	miRNA
Mouse BM 25.00%	9	110264608	110264608	1	-	3	Intron (ENSMUST00000068025/ENSMUSG00000054792, intron 7 of 9)	-2995	9	110259751	110261613	1863	2	ENSMUSG00000054792	ENSMUST00000199700	16	Klhl18	ensembl_havana	protein_coding
Mouse BM 25.00%	5	76825976	76825976	1	+	3	Intron (ENSMUST00000128112/ENSMUSG00000036377, intron 1 of 3)	19799	5	76806177	77021177	215001	1	ENSMUSG00000036377	ENSMUST00000238963	21	Cracd	ensembl_havana	protein_coding
Mouse BM 25.00%	17	5554228	5554228	1	-	4	Distal Intergenic	-11388	17	5540797	5542840	2044	2	ENSMUSG00000120361	ENSMUST00000242789	1	Gm56889	havana_tagene	lncRNA
Mouse BM 25.00%	15	11440690	11440690	1	+	3	Distal Intergenic	-190125	15	11630815	11638411	7597	1	ENSMUSG00000115804	ENSMUST00000228129	2	Gm49107	havana	lncRNA
Mouse BM 25.00%	2	49104067	49104067	1	+	3	Intron (ENSMUST00000112745/ENSMUSG00000036792, intron 6 of 10)	29037	2	49075030	49075458	429	1	ENSMUSG00000080937	ENSMUST00000118659	2	Gm13510	havana	processed_pseudogene
Mouse BM 25.00%	18	73666577	73666577	1	-	2	Promoter (<=1kb)	44	18	73666474	73666621	148	2	ENSMUSG00002075795	ENSMUST00020182528	1	Gm54867	ensembl	rRNA
Mouse BM 25.00%	2	68693144	68693144	1	-	8	Distal Intergenic	-17548	2	68650655	68675596	24942	2	ENSMUSG00000109667	ENSMUST00000211183	2	Gm36231	havana	lncRNA
Mouse BM 25.00%	X	42127076	42127076	1	-	5	Intron (ENSMUST00000115058/ENSMUSG00000016150, intron 3 of 30)	129618	20	41616743	42256694	639952	2	ENSMUSG00000016150	ENSMUST00000115058	16	Tenm1	ensembl_havana	protein_coding
Mouse BM 25.00%	2	74882581	74882581	1	+	2	Distal Intergenic	-86606	2	74969187	75143372	174186	1	ENSMUSG00000100303	ENSMUST00000230629	5	2600014E21Rik	havana	lncRNA
Mouse BM 25.00%	5	51479598	51479598	1	+	14	Distal Intergenic	-177272	5	51656870	51658800	1931	1	ENSMUSG00000106575	ENSMUST00000199975	2	Gm42613	havana	TEC
Mouse BM 25.00%	13	108413193	108413193	1	+	2	Intron (ENSMUST00000022207/ENSMUSG00000021696, intron 6 of 7)	-39673	13	108452866	108526119	73254	1	ENSMUSG00000021697	ENSMUST00000051594	13	Depdc1b	ensembl_havana	protein_coding
Mouse BM 65.10%	13	108413193	108413193	1	+	303	Intron (ENSMUST00000022207/ENSMUSG00000021696, intron 6 of 7)	-39673	13	108452866	108526119	73254	1	ENSMUSG00000021697	ENSMUST00000051594	13	Depdc1b	ensembl_havana	protein_coding
Mouse BM 65.10%	9	69900575	69900575	1	+	286	Intron (ENSMUST00000034754/ENSMUSG00000011958, intron 1 of 10)	-2185	9	69902760	69914397	11638	1	ENSMUSG00000011958	ENSMUST00000165389	18	Bnip2	ensembl_havana	protein_coding
Mouse BM 65.10%	12	86306844	86306844	1	-	96	Distal Intergenic	-18334	12	86288041	86288510	470	2	ENSMUSG00000120595	ENSMUST00000244439	1	Gm56527	havana_tagene	lncRNA
Mouse BM 65.10%	7	66581842	66581842	1	-	111	Distal Intergenic	29824	7	66609565	66611666	2102	2	ENSMUSG00000109079	ENSMUST00000207830	2	Gm44755	havana	TEC
Mouse BM 65.10%	5	32170143	32170143	1	-	125	Promoter (1-2kb)	-1936	5	32163321	32168207	4887	2	ENSMUSG00000106894	ENSMUST00000201542	2	Gm17130	havana	lncRNA
Mouse BM 65.10%	1	53800427	53800427	1	+	128	Distal Intergenic	-29933	1	53830360	53831816	1457	1	ENSMUSG00000102405	ENSMUST00000194911	2	Gm37863	havana	TEC
Mouse BM 65.10%	9	62412990	62412990	1	-	82	Intron (ENSMUST00000048043/ENSMUSG00000041729, intron 1 of 11)	4790	9	62335218	62417780	82563	2	ENSMUSG00000041729	ENSMUST00000164246	16	Coro2b	ensembl_havana	protein_coding
Mouse BM 65.10%	17	43792526	43792526	1	+	66	Distal Intergenic	27380	17	43765146	43765288	143	1	ENSMUSG00000064582	ENSMUST00000082648	3	Gm25135	ensembl	snRNA
Mouse BM 65.10%	12	119033689	119033689	1	+	47	Distal Intergenic	-191024	12	119224713	119226590	1878	1	ENSMUSG00000021908	ENSMUST00000022467	11	Ncoa4-ps	havana	processed_pseudogene
Mouse BM 65.10%	1	6597946	6597946	1	+	36	Intron (ENSMUST00000140079/ENSMUSG00000033740, intron 2 of 23)	40391	1	6557555	6931164	373610	1	ENSMUSG00000033740	ENSMUST00000131494	18	St18	ensembl_havana	protein_coding
Mouse BM 65.10%	16	13196491	13196491	1	-	34	Intron (ENSMUST00000210378/ENSMUSG00000087526, intron 4 of 7)	26055	16	13214776	13222546	7771	2	ENSMUSG00000087526	ENSMUST00000131985	3	Gm15738	havana	lncRNA
Mouse BM 65.10%	11	57505188	57505188	1	+	50	Distal Intergenic	-31080	11	57536268	57678340	142073	1	ENSMUSG00000020520	ENSMUST00000066987	15	Galnt10	ensembl_havana	protein_coding
Mouse BM 65.10%	7	138876344	138876344	1	-	40	Exon (ENSMUST00000209810/ENSMUSG00000110115, exon 2 of 2)	437	7	138872733	138876781	4049	2	ENSMUSG00000110115	ENSMUST00000209810	2	Gm32486	havana	lncRNA
Mouse BM 65.10%	14	76462145	76462145	1	+	27	Distal Intergenic	-26752	14	76488897	76489767	871	1	ENSMUSG00000115625	ENSMUST00000227933	2	2900040C04Rik	havana	lncRNA
Mouse BM 65.10%	6	71535915	71535915	1	+	29	Intron (ENSMUST00000059462/ENSMUSG00000053119, intron 2 of 5)	14578	6	71521337	71551111	29775	1	ENSMUSG00000053119	ENSMUST00000142169	12	Chmp3	ensembl_havana	protein_coding
Mouse BM 65.10%	15	41970436	41970436	1	+	18	Distal Intergenic	-89744	15	42060180	42064698	4519	1	ENSMUSG00000115988	ENSMUST00000230284	2	Gm49441	havana	lncRNA
Mouse BM 65.10%	17	25114718	25114718	1	+	22	Intron (ENSMUST00000043907/ENSMUSG00000038880, intron 2 of 2)	609	17	25114109	25115090	982	1	ENSMUSG00000038880	ENSMUST00000138648	14	Mrps34	ensembl_havana	protein_coding
Mouse BM 65.10%	1	37790604	37790604	1	-	41	Distal Intergenic	-31438	1	37650758	37759166	108409	2	ENSMUSG00000026090	ENSMUST00000162875	17	Cracdl	ensembl_havana	protein_coding
Mouse BM 65.10%	17	47752307	47752307	1	+	36	Intron (ENSMUST00000037701/ENSMUSG00000034382, intron 1 of 4)	4577	17	47747730	47781563	33834	1	ENSMUSG00000034382	ENSMUST00000150819	15	AI661453	ensembl_havana	protein_coding
Mouse BM 65.10%	8	68567085	68567085	1	+	20	Distal Intergenic	104093	8	68462992	68463122	131	1	ENSMUSG00000077545	ENSMUST00000104357	3	Gm22018	ensembl	snoRNA
Mouse BM 65.10%	3	50547915	50547915	1	-	20	Intron (ENSMUST00000194629/ENSMUSG00000102715, intron 1 of 4)	4978	3	50552518	50552893	376	2	ENSMUSG00000103745	ENSMUST00000193366	2	Gm38237	havana	processed_pseudogene
Mouse BM 65.10%	6	8753106	8753106	1	-	35	Intron (ENSMUST00000156695/ENSMUSG00000062995, intron 2 of 10)	5293	6	8630527	8758399	127873	2	ENSMUSG00000062995	ENSMUST00000156695	13	Ica1	ensembl_havana	protein_coding
Mouse BM 65.10%	4	115403446	115403446	1	+	28	Distal Intergenic	-17400	4	115420846	115423762	2917	1	ENSMUSG00000028712	ENSMUST00000141033	13	Cyp4a31	ensembl_havana	protein_coding
Mouse BM 65.10%	9	80085205	80085205	1	+	25	Intron (ENSMUST00000035889/ENSMUSG00000033577, intron 1 of 32)	12696	9	80072509	80215379	142871	1	ENSMUSG00000033577	ENSMUST00000184480	19	Myo6	ensembl_havana	protein_coding
Mouse BM 65.10%	6	118115447	118115447	1	-	24	Intron (ENSMUST00000049344/ENSMUSG00000042042, intron 1 of 7)	654	6	118084413	118116101	31689	2	ENSMUSG00000042042	ENSMUST00000049344	15	Csgalnact2	ensembl_havana	protein_coding
Mouse BM 65.10%	18	31741235	31741235	1	-	36	Intron (ENSMUST00000233997/ENSMUSG00000024259, intron 1 of 9)	1720	18	31713221	31742955	29735	2	ENSMUSG00000024259	ENSMUST00000060396	10	Slc25a46	ensembl_havana	protein_coding
Mouse BM 65.10%	10	44385090	44385090	1	-	24	Intron (ENSMUST00000167340/ENSMUSG00000038151, intron 1 of 3)	19407	10	44322713	44404497	81785	2	ENSMUSG00000038151	ENSMUST00000167340	14	Prdm1	ensembl_havana	protein_coding
Mouse BM 65.10%	7	143827173	143827173	1	-	17	Distal Intergenic	133497	7	143921785	143960670	38886	2	ENSMUSG00000085745	ENSMUST00000125355	2	Gm14372	havana	lncRNA
Mouse BM 65.10%	16	84485589	84485589	1	-	15	Distal Intergenic	46529	16	84531056	84532118	1063	2	ENSMUSG00000022889	ENSMUST00000133901	8	Mrpl39	ensembl_havana	protein_coding
Mouse BM 65.10%	16	23970892	23970892	1	+	11	Distal Intergenic	112236	16	23858656	23879387	20732	1	ENSMUSG00000116290	ENSMUST00000230357	2	Gm49518	havana	lncRNA
Mouse BM 65.10%	4	97598629	97598629	1	-	17	Intron (ENSMUST00000146447/ENSMUSG00000048747, intron 2 of 5)	-19656	4	97457427	97578973	121547	2	ENSMUSG00000048747	ENSMUST00000186369	15	E130114P18Rik	ensembl_havana	protein_coding
Mouse BM 65.10%	19	3130012	3130012	1	+	45	Distal Intergenic	-54633	19	3184645	3184959	315	1	ENSMUSG00000117761	ENSMUST00000235610	2	Gm50428	havana	IG_V_pseudogene
Mouse BM 65.10%	3	108098633	108098633	1	+	19	3' UTR	3216	3	108095417	108099083	3667	1	ENSMUSG00000050947	ENSMUST00000155782	10	Amigo1	ensembl_havana	protein_coding
Mouse BM 65.10%	1	71883400	71883400	1	-	18	Exon (ENSMUST00000194017/ENSMUSG00000102689, exon 1 of 1)	2369	1	71882249	71885769	3521	2	ENSMUSG00000102689	ENSMUST00000194017	2	Gm37217	havana	TEC
Mouse BM 65.10%	1	39993511	39993511	1	-	13	Distal Intergenic	96017	1	40088199	40089528	1330	2	ENSMUSG00000102985	ENSMUST00000193054	2	4930456G14Rik	havana	TEC
Mouse BM 65.10%	3	46950985	46950985	1	-	25	Distal Intergenic	55089	3	47004817	47006074	1258	2	ENSMUSG00000072387	ENSMUST00000097152	4	Gm10356	havana	processed_pseudogene
Mouse BM 65.10%	3	37891739	37891739	1	+	20	Promoter (<=1kb)	-878	3	37892617	37893722	1106	1	ENSMUSG00000106621	ENSMUST00000198394	2	Gm42752	havana	TEC
Mouse BM 65.10%	17	10143994	10143994	1	+	7	Distal Intergenic	-22772	17	10166766	10167226	461	1	ENSMUSG00000117206	ENSMUST00000233132	2	Gm49809	havana	processed_pseudogene
Mouse BM 65.10%	4	55986792	55986792	1	+	16	Distal Intergenic	-176148	4	56162940	56163255	316	1	ENSMUSG00000081290	ENSMUST00000117493	2	Gm12520	havana	processed_pseudogene
Mouse BM 65.10%	6	34683674	34683674	1	-	14	Distal Intergenic	20166	6	34703766	34703840	75	2	ENSMUSG00000060411	ENSMUST00000075773	4	Npn2	ensembl_havana	lncRNA
Mouse BM 65.10%	11	55176112	55176112	1	+	15	Distal Intergenic	71491	11	55104621	55123507	18887	1	ENSMUSG00000020261	ENSMUST00000108867	16	Slc36a1	ensembl_havana	protein_coding
Mouse BM 65.10%	1	183376664	183376664	1	+	9	Distal Intergenic	80955	1	183295709	183296242	534	1	ENSMUSG00000103451	ENSMUST00000195148	2	Gm33973	havana	lncRNA
Mouse BM 65.10%	1	21937117	21937117	1	+	10	Distal Intergenic	-370956	1	22308073	22308519	447	1	ENSMUSG00000100418	ENSMUST00000190225	2	Gm28239	havana	processed_pseudogene
Mouse BM 65.10%	3	65900412	65900412	1	+	35	Distal Intergenic	23077	3	65877335	65879343	2009	1	ENSMUSG00000102652	ENSMUST00000193314	2	Gm37078	havana	TEC
Mouse BM 65.10%	19	61268016	61268016	1	-	25	Distal Intergenic	-21789	19	61245972	61246227	256	2	ENSMUSG00000117951	ENSMUST00000237978	2	Gm50357	havana	processed_pseudogene
Mouse BM 65.10%	5	134719177	134719177	1	+	10	Distal Intergenic	13626	5	134705551	134710639	5089	1	ENSMUSG00000072573	ENSMUST00000245998	4	Gm10369	havana	lncRNA
Mouse BM 65.10%	6	125048598	125048598	1	+	10	Intron (ENSMUST00000088292/ENSMUSG00000067714, intron 1 of 1)	358	6	125048240	125059435	11196	1	ENSMUSG00000067714	ENSMUST00000140346	15	Lpar5	ensembl_havana	protein_coding
Mouse BM 65.10%	19	37201825	37201825	1	+	11	Downstream (2-3kb)	7236	19	37194589	37199376	4788	1	ENSMUSG00000023307	ENSMUST00000128530	15	Marchf5	ensembl_havana	protein_coding
Mouse BM 65.10%	10	127537336	127537336	1	-	7	Distal Intergenic	-24743	10	127507473	127512593	5121	2	ENSMUSG00000087163	ENSMUST00000155550	2	Gm16230	havana	lncRNA
Mouse BM 65.10%	11	64944615	64944615	1	+	5	Distal Intergenic	53453	11	64891162	64892714	1553	1	ENSMUSG00000020549	ENSMUST00000128693	15	Elac2	ensembl_havana	protein_coding
Mouse BM 65.10%	17	73364113	73364113	1	+	8	Distal Intergenic	20008	17	73344105	73344811	707	1	ENSMUSG00000120305	ENSMUST00000242869	1	Gm30476	havana_tagene	lncRNA
Mouse BM 65.10%	5	75163032	75163032	1	+	10	Distal Intergenic	-46108	5	75209140	75210697	1558	1	ENSMUSG00000107162	ENSMUST00000200754	2	Gm18593	havana	processed_pseudogene
Mouse BM 65.10%	19	11944785	11944785	1	-	27	Distal Intergenic	-33793	19	11910859	11910992	134	2	ENSMUSG00000077227	ENSMUST00000104039	3	Gm22272	ensembl	snoRNA
Mouse BM 65.10%	19	10519921	10519921	1	+	7	Intron (ENSMUST00000236206/ENSMUSG00000034820, intron 10 of 10)	10168	19	10509753	10510736	984	1	ENSMUSG00000034820	ENSMUST00000236154	5	Cpsf7	ensembl_havana	protein_coding
Mouse BM 65.10%	17	40579593	40579593	1	+	26	Distal Intergenic	81027	17	40498566	40498784	219	1	ENSMUSG00000117307	ENSMUST00000232831	2	Gm49837	havana	processed_pseudogene
Mouse BM 65.10%	10	12255598	12255598	1	+	14	Distal Intergenic	11231	10	12244367	12244576	210	1	ENSMUSG00000065181	ENSMUST00000083247	3	Gm25139	ensembl	snoRNA
Mouse BM 65.10%	8	98615101	98615101	1	+	7	Distal Intergenic	12315	8	98602786	98603152	367	1	ENSMUSG00000109645	ENSMUST00000210820	2	Gm45246	havana	processed_pseudogene
Mouse BM 65.10%	16	17309636	17309636	1	+	18	Intron (ENSMUST00000115685/ENSMUSG00000022763, intron 1 of 20)	1925	16	17307711	17323270	15560	1	ENSMUSG00000022763	ENSMUST00000231508	19	Aifm3	ensembl_havana	protein_coding
Mouse BM 65.10%	8	54409696	54409696	1	+	5	Distal Intergenic	44922	8	54364774	54365476	703	1	ENSMUSG00000110334	ENSMUST00000210505	2	Gm19921	havana	processed_pseudogene
Mouse BM 65.10%	9	32844163	32844163	1	-	5	Distal Intergenic	-3901	9	32816233	32840262	24030	2	ENSMUSG00000099025	ENSMUST00000185169	2	Gm27162	havana	lncRNA
Mouse BM 65.10%	8	13189321	13189321	1	-	6	Distal Intergenic	-33862	8	13127189	13155459	28271	2	ENSMUSG00000038542	ENSMUST00000164416	15	Pcid2	ensembl_havana	protein_coding
Mouse BM 65.10%	7	132485586	132485586	1	-	7	Intron (ENSMUST00000124096/ENSMUSG00000030849, intron 2 of 6)	4830	7	132476526	132490416	13891	2	ENSMUSG00000097595	ENSMUST00000211184	3	1500002F19Rik	havana	lncRNA
Mouse BM 65.10%	10	61489540	61489540	1	+	5	Intron (ENSMUST00000020286/ENSMUSG00000020089, intron 2 of 10)	5140	10	61484400	61488599	4200	1	ENSMUSG00000020089	ENSMUST00000160470	9	Ppa1	ensembl_havana	protein_coding
Mouse BM 65.10%	3	63423721	63423721	1	-	4	Distal Intergenic	-32421	3	63388533	63391300	2768	2	ENSMUSG00000103476	ENSMUST00000192926	2	Strit1	havana	protein_coding
Mouse BM 65.10%	8	34307295	34307295	1	-	11	Intron (ENSMUST00000053251/ENSMUSG00000031586, intron 5 of 7)	-10431	8	34274089	34296864	22776	2	ENSMUSG00000031586	ENSMUST00000183336	18	Rbpms	ensembl_havana	protein_coding
Mouse BM 65.10%	8	122294284	122294284	1	-	8	Intron (ENSMUST00000059018/ENSMUSG00000052934, intron 1 of 8)	-7582	8	122282362	122286702	4341	2	ENSMUSG00000052934	ENSMUST00000180539	15	Fbxo31	ensembl_havana	protein_coding
Mouse BM 65.10%	1	59263909	59263909	1	+	13	Distal Intergenic	-12717	1	59276626	59278197	1572	1	ENSMUSG00000120458	ENSMUST00000243434	1	Gm33667	havana_tagene	lncRNA
Mouse BM 65.10%	14	30035616	30035616	1	-	9	Intron (ENSMUST00000112250/ENSMUSG00000015968, intron 3 of 46)	39305	14	29782701	30074921	292221	2	ENSMUSG00000015968	ENSMUST00000238568	19	Cacna1d	ensembl_havana	protein_coding
Mouse BM 65.10%	8	12320367	12320367	1	-	26	Distal Intergenic	49113	8	12365004	12369480	4477	2	ENSMUSG00000110412	ENSMUST00000211562	2	Gm33175	havana	lncRNA
Mouse BM 65.10%	15	12152698	12152698	1	-	11	Distal Intergenic	5829	15	12158419	12158527	109	2	ENSMUSG00002076430	ENSMUST00020183774	1	Gm54550	ensembl	snRNA
Mouse BM 65.10%	1	95545652	95545652	1	+	5	Distal Intergenic	-49771	1	95595423	95599315	3893	1	ENSMUSG00000121039	ENSMUST00000246959	1	Gm30431	havana_tagene	lncRNA
Mouse BM 65.10%	3	63892952	63892952	1	-	12	Distal Intergenic	-20763	3	63849751	63872189	22439	2	ENSMUSG00000027822	ENSMUST00000029402	17	Slc33a1	ensembl_havana	protein_coding
Mouse BM 65.10%	9	51722400	51722400	1	-	8	Distal Intergenic	64688	9	51751672	51787088	35417	2	ENSMUSG00000074354	ENSMUST00000130086	12	Arhgap20os	ensembl_havana	lncRNA
Mouse BM 65.10%	19	16190802	16190802	1	+	11	Intron (ENSMUST00000025541/ENSMUSG00000024639, intron 1 of 6)	-6194	19	16196996	16294638	97643	1	ENSMUSG00000024639	ENSMUST00000167656	6	Gnaq	ensembl_havana	protein_coding
Mouse BM 65.10%	7	113460017	113460017	1	-	5	Distal Intergenic	-152338	7	113300127	113307679	7553	2	ENSMUSG00000073862	ENSMUST00000211589	5	Gm5600	ensembl_havana	lncRNA
Mouse BM 65.10%	2	55495746	55495746	1	-	13	Distal Intergenic	367260	2	55860707	55863006	2300	2	ENSMUSG00000082499	ENSMUST00000120242	2	Gm13615	havana	processed_pseudogene
Mouse BM 65.10%	7	130483573	130483573	1	+	3	Promoter (<=1kb)	-509	7	130484082	130487250	3169	1	ENSMUSG00000040268	ENSMUST00000154282	18	Plekha1	ensembl_havana	protein_coding
Mouse BM 65.10%	1	83870198	83870198	1	+	6	Distal Intergenic	-29441	1	83899639	83899762	124	1	ENSMUSG00000077736	ENSMUST00000104548	3	Gm24555	ensembl	snoRNA
Mouse BM 65.10%	14	68765274	68765274	1	-	8	Intron (ENSMUST00000022640/ENSMUSG00000022056, intron 3 of 22)	5864	14	68734785	68771138	36354	2	ENSMUSG00000022056	ENSMUST00000022640	10	Adam7	ensembl_havana	protein_coding
Mouse BM 65.10%	16	81249020	81249020	1	+	7	Intron (ENSMUST00000037785/ENSMUSG00000022762, intron 5 of 15)	-13491	16	81262511	81314918	52408	1	ENSMUSG00000022762	ENSMUST00000232550	19	Ncam2	ensembl_havana	protein_coding
Mouse BM 65.10%	X	64799884	64799884	1	+	3	Distal Intergenic	-180071	20	64979955	64982082	2128	1	ENSMUSG00000083243	ENSMUST00000118588	2	Gm14668	havana	processed_pseudogene
Mouse BM 65.10%	19	3064280	3064280	1	+	10	Distal Intergenic	-120365	19	3184645	3184959	315	1	ENSMUSG00000117761	ENSMUST00000235610	2	Gm50428	havana	IG_V_pseudogene
Mouse BM 65.10%	12	82308791	82308791	1	-	6	Distal Intergenic	-92912	12	82215624	82215879	256	2	ENSMUSG00000113746	ENSMUST00000221198	2	Gm48242	havana	lncRNA
Mouse BM 65.10%	X	55981934	55981934	1	-	5	Distal Intergenic	-114248	20	55843218	55867686	24469	2	ENSMUSG00000067878	ENSMUST00000114766	14	Map7d3	ensembl_havana	protein_coding
Mouse BM 65.10%	9	28428266	28428266	1	-	4	Distal Intergenic	437377	9	28705592	28865643	160052	2	ENSMUSG00000110741	ENSMUST00000215483	2	Gm48091	havana	lncRNA
Mouse BM 65.10%	X	67734526	67734526	1	+	4	Intron (ENSMUST00000088546/ENSMUSG00000000838, intron 2 of 16)	-3878	20	67738404	67749796	11393	1	ENSMUSG00000000838	ENSMUST00000142584	18	Fmr1	ensembl_havana	protein_coding
Mouse BM 65.10%	1	80566141	80566141	1	-	5	Intron (ENSMUST00000077946/ENSMUSG00000038608, intron 11 of 55)	4408	1	80478905	80570549	91645	2	ENSMUSG00000038608	ENSMUST00000190595	16	Dock10	ensembl_havana	protein_coding
Mouse BM 65.10%	1	184730380	184730380	1	-	5	Intron (ENSMUST00000027929/ENSMUSG00000026620, intron 1 of 17)	1292	1	184651714	184731672	79959	2	ENSMUSG00000026620	ENSMUST00000192657	12	Mark1	ensembl_havana	protein_coding
Mouse BM 65.10%	2	84498526	84498526	1	-	4	Intron (ENSMUST00000189772/ENSMUSG00000101645, intron 2 of 20)	2472	2	84500361	84500998	638	2	ENSMUSG00000076437	ENSMUST00000189988	12	Selenoh	ensembl_havana	protein_coding
Mouse BM 65.10%	3	103656922	103656922	1	-	5	Exon (ENSMUST00000200071/ENSMUSG00000008730, exon 1 of 1)	1408	3	103656679	103658330	1652	2	ENSMUSG00000008730	ENSMUST00000126351	18	Hipk1	ensembl_havana	protein_coding
Mouse BM 65.10%	15	55469575	55469575	1	-	8	Distal Intergenic	-48431	15	55397490	55421144	23655	2	ENSMUSG00000022370	ENSMUST00000172387	14	Mrpl13	ensembl_havana	protein_coding
Mouse BM 65.10%	6	120205831	120205831	1	-	11	Intron (ENSMUST00000125341/ENSMUSG00000041372, intron 3 of 19)	13773	6	120180034	120219604	39571	2	ENSMUSG00000041372	ENSMUST00000125341	11	B4galnt3	ensembl_havana	protein_coding
Mouse BM 65.10%	X	151937250	151937250	1	-	3	Distal Intergenic	-40800	20	151895919	151896450	532	2	ENSMUSG00000084275	ENSMUST00000121222	4	Gm5396	havana	processed_pseudogene
Mouse BM 65.10%	13	102281444	102281444	1	-	8	Distal Intergenic	-28901	13	102250625	102252543	1919	2	ENSMUSG00000102542	ENSMUST00000195109	2	Gm38133	havana	TEC
Mouse BM 65.10%	7	143197197	143197197	1	+	9	Intron (ENSMUST00000207189/ENSMUSG00000109251, intron 1 of 2)	15179	7	143182018	143224351	42334	1	ENSMUSG00000109251	ENSMUST00000207189	2	E230032D23Rik	havana	lncRNA
Mouse BM 65.10%	10	16902208	16902208	1	-	7	Intron (ENSMUST00000207720/ENSMUSG00000101969, intron 1 of 12)	8196	10	16828445	16910404	81960	2	ENSMUSG00000101969	ENSMUST00000207495	3	Gm20125	havana	lncRNA
Mouse BM 65.10%	5	31922665	31922665	1	+	4	Intron (ENSMUST00000201352/ENSMUSG00000052139, intron 3 of 11)	-20062	5	31942727	31977987	35261	1	ENSMUSG00000052139	ENSMUST00000202270	19	Babam2	ensembl_havana	protein_coding
Mouse BM 65.10%	8	31935387	31935387	1	+	5	Distal Intergenic	-46617	8	31982004	31990118	8115	1	ENSMUSG00000109605	ENSMUST00000211239	2	Gm45303	havana	lncRNA
Mouse BM 65.10%	9	40661786	40661786	1	-	9	Intron (ENSMUST00000213907/ENSMUSG00000111189, intron 2 of 2)	11765	9	40672549	40673551	1003	2	ENSMUSG00000111189	ENSMUST00000216792	2	Gm48293	havana	lncRNA
Mouse BM 65.10%	11	32209481	32209481	1	+	10	Distal Intergenic	-16919	11	32226400	32228116	1717	1	ENSMUSG00000055609	ENSMUST00000020531	9	Hba-x	ensembl_havana	protein_coding
Mouse BM 65.10%	4	119417674	119417674	1	-	4	Distal Intergenic	-6419	4	119410853	119411255	403	2	ENSMUSG00000081678	ENSMUST00000119396	2	Gm12959	havana	processed_pseudogene
Mouse BM 65.10%	2	38819335	38819335	1	-	13	Promoter (1-2kb)	-1635	2	38613382	38817700	204319	2	ENSMUSG00000063972	ENSMUST00000112877	14	Nr6a1	ensembl_havana	protein_coding
Mouse BM 65.10%	10	127873671	127873671	1	+	4	Intron (ENSMUST00000073868/ENSMUSG00000061315, intron 2 of 7)	2167	10	127871504	127884506	13003	1	ENSMUSG00000061315	ENSMUST00000092048	15	Naca	ensembl_havana	protein_coding
Mouse BM 65.10%	10	20813535	20813535	1	-	13	Distal Intergenic	-46087	10	20742000	20767448	25449	2	ENSMUSG00000120178	ENSMUST00000241754	1	Gm53617	havana_tagene	lncRNA
Mouse BM 65.10%	2	155371574	155371574	1	+	3	Intron (ENSMUST00000029135/ENSMUSG00000027605, intron 2 of 17)	11547	2	155360027	155404000	43974	1	ENSMUSG00000027605	ENSMUST00000133654	19	Acss2	ensembl_havana	protein_coding
Mouse BM 65.10%	2	154986530	154986530	1	-	5	Distal Intergenic	-44529	2	154939709	154942001	2293	2	ENSMUSG00000087254	ENSMUST00000142569	2	2310005A03Rik	havana	lncRNA
Mouse BM 65.10%	4	101025817	101025817	1	+	5	Distal Intergenic	-18144	4	101043961	101044064	104	1	ENSMUSG00000077677	ENSMUST00000104489	3	Gm24468	ensembl	snRNA
Mouse BM 65.10%	4	63710343	63710343	1	-	56	Distal Intergenic	-46993	4	63642840	63663350	20511	2	ENSMUSG00000050395	ENSMUST00000239480	10	Tnfsf15	ensembl_havana	protein_coding
Mouse BM 65.10%	3	27619717	27619717	1	+	3	Distal Intergenic	18927	3	27600790	27602018	1229	1	ENSMUSG00000106625	ENSMUST00000198723	2	Gm43344	havana	TEC
Mouse BM 65.10%	12	31889469	31889469	1	+	6	Intron (ENSMUST00000036862/ENSMUSG00000035933, intron 13 of 22)	-18988	12	31908457	31908591	135	1	ENSMUSG00000088242	ENSMUST00000157617	3	Gm25913	ensembl	scaRNA
Mouse BM 65.10%	13	99083803	99083803	1	+	2	Distal Intergenic	-26083	13	99109886	99110250	365	1	ENSMUSG00000114873	ENSMUST00000224868	2	Gm47052	havana	processed_pseudogene
Mouse BM 62.20%	8	25717374	25717374	1	-	3	Intron (ENSMUST00000210016/ENSMUSG00000065954, intron 1 of 5)	13505	8	25672538	25730879	58342	2	ENSMUSG00000065954	ENSMUST00000210488	12	Tacc1	ensembl_havana	protein_coding
Mouse BM 65.10%	14	51610924	51610924	1	-	3	Distal Intergenic	-11610	14	51599132	51599314	183	2	ENSMUSG00000090228	ENSMUST00000162079	2	Gm16289	havana	processed_pseudogene
Mouse BM 65.10%	13	43610468	43610468	1	+	2	Distal Intergenic	39458	13	43571010	43571341	332	1	ENSMUSG00000112942	ENSMUST00000220774	2	Gm47597	havana	processed_pseudogene
Mouse BM 65.10%	9	100347117	100347117	1	-	2	Intron (ENSMUST00000098458/ENSMUSG00000044244, intron 5 of 6)	1811	9	100339774	100348928	9155	2	ENSMUSG00000044244	ENSMUST00000136606	19	Il20rb	ensembl_havana	protein_coding
Mouse BM 65.10%	18	13760413	13760413	1	+	4	Distal Intergenic	255267	18	13505146	13505609	464	1	ENSMUSG00000117367	ENSMUST00000235001	2	Gm50093	havana	processed_pseudogene
Mouse BM 65.10%	X	35345586	35345586	1	+	6	Distal Intergenic	-30177	20	35375763	35434912	59150	1	ENSMUSG00000017057	ENSMUST00000033418	10	Il13ra1	ensembl_havana	protein_coding
Mouse BM 65.10%	17	26538684	26538684	1	+	3	Distal Intergenic	50373	17	26488311	26489358	1048	1	ENSMUSG00000089764	ENSMUST00000162696	3	Gm16580	havana	processed_pseudogene
Mouse BM 65.10%	12	59278690	59278690	1	-	3	Distal Intergenic	5272	12	59283893	59283962	70	2	ENSMUSG00002075460	ENSMUST00020183762	1	Gm54529	ensembl	miRNA
Mouse BM 65.10%	3	125139647	125139647	1	-	2	Distal Intergenic	-126445	3	125010564	125013202	2639	2	ENSMUSG00000106001	ENSMUST00000197548	2	Gm42826	havana	TEC
Mouse BM 65.10%	15	84426784	84426784	1	+	2	Distal Intergenic	-127037	15	84553821	84587874	34054	1	ENSMUSG00000036106	ENSMUST00000171460	16	Prr5	ensembl_havana	protein_coding
Mouse BM 65.10%	1	46966828	46966828	1	+	5	Distal Intergenic	-140120	1	47106948	47107185	238	1	ENSMUSG00000101921	ENSMUST00000186233	2	Gm28825	havana	processed_pseudogene
Mouse BM 65.10%	11	51879509	51879509	1	-	2	Exon (ENSMUST00000020657/ENSMUSG00000020390, exon 5 of 6)	11797	11	51888397	51891306	2910	2	ENSMUSG00000020390	ENSMUST00000124699	13	Ube2b	ensembl_havana	protein_coding
Mouse BM 65.10%	16	91199245	91199245	1	-	7	Distal Intergenic	-35213	16	91130921	91164032	33112	2	ENSMUSG00000120333	ENSMUST00000242586	1	Gm36587	havana_tagene	lncRNA
Mouse BM 65.10%	9	69037001	69037001	1	-	2	Distal Intergenic	234528	9	69256171	69271529	15359	2	ENSMUSG00000086648	ENSMUST00000152570	2	Gm15511	havana	lncRNA
Mouse BM 65.10%	11	25828950	25828950	1	+	5	Distal Intergenic	193810	11	25635140	25635269	130	1	ENSMUSG00000064761	ENSMUST00000082827	3	Gm23514	ensembl	snoRNA
Mouse BM 65.10%	19	27803803	27803803	1	-	2	Intron (ENSMUST00000165566/ENSMUSG00000040929, intron 7 of 17)	10443	19	27745541	27814246	68706	2	ENSMUSG00000040929	ENSMUST00000172498	18	Rfx3	ensembl_havana	protein_coding
Mouse BM 65.10%	14	60504531	60504531	1	+	3	Intron (ENSMUST00000022563/ENSMUSG00000021987, intron 1 of 13)	1744	14	60502787	60537970	35184	1	ENSMUSG00000021987	ENSMUST00000224366	10	Mtmr6	ensembl_havana	protein_coding
Mouse BM 65.10%	11	18514232	18514232	1	+	4	Distal Intergenic	127990	11	18386242	18386836	595	1	ENSMUSG00000102178	ENSMUST00000193385	2	Gm37869	havana	TEC
Mouse BM 65.10%	16	70590932	70590932	1	+	4	Distal Intergenic	128738	16	70462194	70462572	379	1	ENSMUSG00000116758	ENSMUST00000232593	2	Gm19291	havana	processed_pseudogene
Mouse BM 65.10%	5	21101781	21101781	1	+	4	Distal Intergenic	14276	5	21087505	21089682	2178	1	ENSMUSG00000045435	ENSMUST00000196723	10	Tmem60	ensembl_havana	protein_coding
Mouse BM 65.10%	7	16006179	16006179	1	+	4	Distal Intergenic	-36139	7	16042318	16046339	4022	1	ENSMUSG00000002083	ENSMUST00000209688	14	Bbc3	ensembl_havana	protein_coding
Mouse BM 65.10%	9	80043528	80043528	1	+	5	Promoter (<=1kb)	-127	9	80043655	80051453	7799	1	ENSMUSG00000034252	ENSMUST00000175758	15	Senp6	ensembl_havana	protein_coding
Mouse BM 65.10%	10	90484074	90484074	1	+	9	Intron (ENSMUST00000183156/ENSMUSG00000058589, intron 16 of 25)	71220	10	90412854	90805682	392829	1	ENSMUSG00000058589	ENSMUST00000099364	16	Anks1b	ensembl_havana	protein_coding
Mouse BM 65.10%	3	67153550	67153550	1	-	2	Distal Intergenic	215417	3	67365334	67368967	3634	2	ENSMUSG00000047557	ENSMUST00000160827	3	Lxn	ensembl_havana	protein_coding
Mouse BM 65.10%	2	101797257	101797257	1	+	7	Distal Intergenic	-72711	2	101869968	101874168	4201	1	ENSMUSG00000085417	ENSMUST00000123891	3	Gm13919	havana	lncRNA
Mouse BM 65.10%	4	78842829	78842829	1	+	5	Distal Intergenic	226940	4	78615889	78617165	1277	1	ENSMUSG00000083629	ENSMUST00000119326	2	Gm11262	havana	processed_pseudogene
Mouse BM 65.10%	16	17011395	17011395	1	-	4	Intron (ENSMUST00000232139/ENSMUSG00000038965, intron 2 of 4)	7928	16	16970182	17019323	49142	2	ENSMUSG00000038965	ENSMUST00000232668	18	Ube2l3	ensembl_havana	protein_coding
Mouse BM 65.10%	7	84216021	84216021	1	-	5	Distal Intergenic	9029	7	84224923	84225050	128	2	ENSMUSG00000109513	ENSMUST00000208098	2	Gm44928	havana	TEC
Mouse BM 65.10%	8	125052317	125052317	1	+	3	Intron (ENSMUST00000034458/ENSMUSG00000089704, intron 6 of 15)	30212	8	125022105	125072463	50359	1	ENSMUSG00000089704	ENSMUST00000147911	10	Galnt2	ensembl_havana	protein_coding
Mouse BM 65.10%	9	86511680	86511680	1	-	4	Intron (ENSMUST00000034989/ENSMUSG00000032418, intron 6 of 13)	-10890	9	86495594	86500790	5197	2	ENSMUSG00000032418	ENSMUST00000189847	16	Me1	ensembl_havana	protein_coding
Mouse BM 65.10%	14	13364952	13364952	1	-	2	Distal Intergenic	-295803	14	13010593	13069149	58557	2	ENSMUSG00000114615	ENSMUST00000224264	2	Gm48370	havana	lncRNA
Mouse BM 65.10%	18	50166779	50166779	1	-	3	Distal Intergenic	19893	18	50185386	50186672	1287	2	ENSMUSG00000086600	ENSMUST00000147073	9	C030005K06Rik	havana	lncRNA
Mouse BM 65.10%	2	16399836	16399836	1	-	12	Distal Intergenic	-371600	2	16027919	16028236	318	2	ENSMUSG00000103865	ENSMUST00000193596	2	Gm37416	havana	TEC
Mouse BM 0.00%	5	20354201	20354201	1	-	2	Distal Intergenic	-34756	5	20319318	20319445	128	2	ENSMUSG00000077171	ENSMUST00000103983	3	Gm25761	ensembl	snoRNA
Mouse BM 38.90%	5	20354201	20354201	1	-	3	Distal Intergenic	-34756	5	20319318	20319445	128	2	ENSMUSG00000077171	ENSMUST00000103983	3	Gm25761	ensembl	snoRNA
Mouse BM 62.20%	5	20354201	20354201	1	-	358	Distal Intergenic	-34756	5	20319318	20319445	128	2	ENSMUSG00000077171	ENSMUST00000103983	3	Gm25761	ensembl	snoRNA
Mouse BM 62.20%	1	69595700	69595700	1	+	240	Distal Intergenic	42609	1	69553091	69586866	33776	1	ENSMUSG00000101156	ENSMUST00000187100	2	Gm29114	havana	lncRNA
Mouse BM 62.20%	16	8658044	8658044	1	+	74	Intron (ENSMUST00000023150/ENSMUSG00000022507, intron 2 of 3)	8859	16	8649185	8661995	12811	1	ENSMUSG00000022507	ENSMUST00000229318	7	Hapstr1	ensembl_havana	protein_coding
Mouse BM 62.20%	11	23640410	23640410	1	-	66	Distal Intergenic	-24451	11	23596479	23615959	19481	2	ENSMUSG00000020283	ENSMUST00000020523	6	Pex13	ensembl_havana	protein_coding
Mouse BM 62.20%	13	24794505	24794505	1	-	80	Distal Intergenic	-5597	13	24781596	24788908	7313	2	ENSMUSG00000121648	ENSMUST00000135889	1	NA	havana	lncRNA
Mouse BM 62.20%	5	147167550	147167550	1	+	37	Distal Intergenic	-39219	5	147206769	147212658	5890	1	ENSMUSG00000029644	ENSMUST00000085591	8	Pdx1	ensembl_havana	protein_coding
Mouse BM 62.20%	8	123096690	123096690	1	+	50	Distal Intergenic	-4086	8	123100776	123103183	2408	1	ENSMUSG00000093682	ENSMUST00000176061	2	Gm20681	havana	lncRNA
Mouse BM 62.20%	19	12238078	12238078	1	+	27	Promoter (<=1kb)	-318	19	12238396	12247751	9356	1	ENSMUSG00000060049	ENSMUST00000207969	6	Or5an11	ensembl_havana	protein_coding
Mouse BM 62.20%	1	93227902	93227902	1	-	21	3' UTR	2722	1	93229150	93230624	1475	2	ENSMUSG00000026273	ENSMUST00000136754	14	Mterf4	ensembl_havana	protein_coding
Mouse BM 62.20%	5	137163854	137163854	1	-	43	3' UTR	4121	5	137163809	137167975	4167	2	ENSMUSG00000037390	ENSMUST00000160630	14	Muc17	ensembl_havana	protein_coding
Mouse BM 62.20%	19	21437275	21437275	1	-	29	Intron (ENSMUST00000087600/ENSMUSG00000058624, intron 1 of 13)	12677	19	21396089	21449952	53864	2	ENSMUSG00000058624	ENSMUST00000136258	14	Gda	ensembl_havana	protein_coding
Mouse BM 62.20%	17	15333481	15333481	1	-	28	Distal Intergenic	-71731	17	15247416	15261750	14335	2	ENSMUSG00000079707	ENSMUST00000040746	11	Dynlt2a1	ensembl_havana	protein_coding
Mouse BM 62.20%	15	97787186	97787186	1	+	19	Distal Intergenic	-45980	15	97833166	97833476	311	1	ENSMUSG00002075036	ENSMUST00020181816	1	Gm54849	ensembl	misc_RNA
Mouse BM 62.20%	7	16109111	16109111	1	+	22	Distal Intergenic	-24423	7	16133534	16134828	1295	1	ENSMUSG00000120191	ENSMUST00000241816	1	Gm57198	havana_tagene	lncRNA
Mouse BM 62.20%	19	25196042	25196042	1	-	17	Distal Intergenic	-52462	19	25143449	25143580	132	2	ENSMUSG00000065634	ENSMUST00000083700	3	Gm24252	ensembl	snoRNA
Mouse BM 62.20%	3	56606011	56606011	1	+	32	Distal Intergenic	-355560	3	56961571	56961700	130	1	ENSMUSG00000118960	ENSMUST00000239689	1	Gm22269	ensembl	snoRNA
Mouse BM 62.20%	19	3573993	3573993	1	-	10	Intron (ENSMUST00000025846/ENSMUSG00000024908, intron 3 of 22)	-2246	19	3561495	3571747	10253	2	ENSMUSG00000024908	ENSMUST00000225339	16	Ppp6r3	ensembl_havana	protein_coding
Mouse BM 62.20%	13	103902195	103902195	1	-	23	Promoter (<=1kb)	-654	13	103889176	103901541	12366	2	ENSMUSG00000032621	ENSMUST00000210836	9	Srek1	ensembl_havana	protein_coding
Mouse BM 62.20%	X	9174145	9174145	1	-	14	Distal Intergenic	20202	20	9193988	9194347	360	2	ENSMUSG00000083670	ENSMUST00000119858	2	Gm6829	havana	processed_pseudogene
Mouse BM 62.20%	4	119316119	119316119	1	-	8	Distal Intergenic	33587	4	119331746	119349706	17961	2	ENSMUSG00000048899	ENSMUST00000126728	9	Rimkla	ensembl_havana	protein_coding
Mouse BM 62.20%	16	50153602	50153602	1	+	28	Distal Intergenic	-193006	16	50346608	50377844	31237	1	ENSMUSG00000097694	ENSMUST00000231801	9	G730013B05Rik	havana	lncRNA
Mouse BM 62.20%	18	33948900	33948900	1	+	7	Distal Intergenic	20683	18	33928217	33928348	132	1	ENSMUSG00000092819	ENSMUST00000175078	3	Gm23639	ensembl	snoRNA
Mouse BM 62.20%	16	45587840	45587840	1	+	21	Distal Intergenic	30974	16	45556866	45557681	816	1	ENSMUSG00000086237	ENSMUST00000138539	2	Gm15591	havana	lncRNA
Mouse BM 62.20%	3	140140782	140140782	1	+	8	Distal Intergenic	265737	3	139875045	139875972	928	1	ENSMUSG00000106207	ENSMUST00000196798	2	Gm19184	havana	processed_pseudogene
Mouse BM 62.20%	1	174151847	174151847	1	+	12	Distal Intergenic	-6237	1	174158084	174160439	2356	1	ENSMUSG00000026531	ENSMUST00000027816	5	Mptx1	ensembl_havana	protein_coding
Mouse BM 62.20%	17	45081620	45081620	1	+	5	Distal Intergenic	-6419	17	45088039	45430177	342139	1	ENSMUSG00000038954	ENSMUST00000050630	15	Supt3	ensembl_havana	protein_coding
Mouse BM 62.20%	13	84697096	84697096	1	-	7	Distal Intergenic	141964	13	84838329	84839060	732	2	ENSMUSG00000098081	ENSMUST00000182391	2	Gm26913	havana	processed_pseudogene
Mouse BM 62.20%	10	85373214	85373214	1	-	5	Distal Intergenic	173422	10	85545191	85546636	1446	2	ENSMUSG00000111609	ENSMUST00000216137	2	Gm6713	havana	processed_pseudogene
Mouse BM 62.20%	8	123104695	123104695	1	+	7	Intron (ENSMUST00000017622/ENSMUSG00000017478, intron 1 of 18)	1275	8	123103420	123144098	40679	1	ENSMUSG00000017478	ENSMUST00000176629	16	Zc3h18	ensembl_havana	protein_coding
Mouse BM 62.20%	15	80801792	80801792	1	-	10	Distal Intergenic	88819	15	80889608	80890611	1004	2	ENSMUSG00000115976	ENSMUST00000230118	2	Gm31462	havana	lncRNA
Mouse BM 62.20%	6	53412172	53412172	1	+	5	Intron (ENSMUST00000203528/ENSMUSG00000053007, intron 4 of 10)	1213	6	53410959	53411122	164	1	ENSMUSG00000119449	ENSMUST00000240011	1	Gm25818	ensembl	snRNA
Mouse BM 62.20%	3	9612751	9612751	1	+	15	Distal Intergenic	51523	3	9561228	9564988	3761	1	ENSMUSG00000103485	ENSMUST00000192900	2	Gm38001	havana	TEC
Mouse BM 62.20%	14	34221778	34221778	1	-	11	Intron (ENSMUST00000049005/ENSMUSG00000021796, intron 1 of 12)	2707	14	34165890	34224485	58596	2	ENSMUSG00000021796	ENSMUST00000171551	16	Bmpr1a	ensembl_havana	protein_coding
Mouse BM 62.20%	12	40655897	40655897	1	-	7	Distal Intergenic	-159996	12	40365045	40495901	130857	2	ENSMUSG00000055917	ENSMUST00000069637	16	Zfp277	ensembl_havana	protein_coding
Mouse BM 62.20%	5	137709956	137709956	1	+	9	Distal Intergenic	-34036	5	137743992	137766712	22721	1	ENSMUSG00000029723	ENSMUST00000100540	17	Spacdr	ensembl_havana	protein_coding
Mouse BM 62.20%	2	64820978	64820978	1	+	12	Distal Intergenic	-247205	2	65068183	65071191	3009	1	ENSMUSG00000086881	ENSMUST00000243428	3	Gm13594	ensembl_havana	lncRNA
Mouse BM 62.20%	18	57275469	57275469	1	-	8	Distal Intergenic	-22511	18	57252785	57252958	174	2	ENSMUSG00000118177	ENSMUST00000235434	2	Gm19486	havana	processed_pseudogene
Mouse BM 62.20%	X	97992948	97992948	1	+	5	Downstream (<1kb)	11135	20	97981813	97987641	5829	1	ENSMUSG00000047694	ENSMUST00000140479	13	Yipf6	ensembl_havana	protein_coding
Mouse BM 62.20%	12	99904613	99904613	1	-	11	Distal Intergenic	44498	12	99949034	99949111	78	2	ENSMUSG00002075118	ENSMUST00020182281	1	Gm54700	ensembl	miRNA
Mouse BM 62.20%	6	6843119	6843119	1	-	4	Intron (ENSMUST00000245862/ENSMUSG00000090063, intron 1 of 2)	-12328	6	6824188	6830791	6604	2	ENSMUSG00000090063	ENSMUST00000210702	8	Dlx6os1	havana	lncRNA
Mouse BM 62.20%	7	126660708	126660708	1	+	8	Distal Intergenic	-6920	7	126667628	126670211	2584	1	ENSMUSG00000108327	ENSMUST00000206939	2	Gm44939	havana	lncRNA
Mouse BM 62.20%	4	123575704	123575704	1	+	4	Distal Intergenic	14295	4	123561409	123565010	3602	1	ENSMUSG00000087307	ENSMUST00000138861	2	Gm12925	havana	lncRNA
Mouse BM 62.20%	10	50018257	50018257	1	+	3	Distal Intergenic	-113514	10	50131771	50135618	3848	1	ENSMUSG00000112667	ENSMUST00000218660	2	Gm48270	havana	processed_pseudogene
Mouse BM 62.20%	6	17694927	17694927	1	+	3	Promoter (<=1kb)	26	6	17694901	17695084	184	1	ENSMUSG00002076302	ENSMUST00020182594	1	Gm55213	ensembl	misc_RNA
Mouse BM 62.20%	1	124652365	124652365	1	+	4	Distal Intergenic	233772	1	124418593	124418696	104	1	ENSMUSG00000065340	ENSMUST00000083406	3	Gm25578	ensembl	snRNA
Mouse BM 62.20%	13	90133745	90133745	1	-	9	Intron (ENSMUST00000159199/ENSMUSG00000021615, intron 6 of 8)	-58083	13	90075561	90075662	102	2	ENSMUSG00002075582	ENSMUST00020183197	1	Gm55230	ensembl	snRNA
Mouse BM 62.20%	13	9810626	9810626	1	+	13	Distal Intergenic	26693	13	9783933	9788270	4338	1	ENSMUSG00000113885	ENSMUST00000221766	2	Gm47802	havana	lncRNA
Mouse BM 62.20%	8	36102120	36102120	1	-	4	Distal Intergenic	-45898	8	36049449	36056222	6774	2	ENSMUSG00000097357	ENSMUST00000241203	4	Gm16793	havana	lncRNA
Mouse BM 62.20%	10	21394321	21394321	1	-	12	Distal Intergenic	-72786	10	21321080	21321535	456	2	ENSMUSG00000112738	ENSMUST00000219604	2	Gm48386	havana	processed_pseudogene
Mouse BM 62.20%	7	45128869	45128869	1	-	7	Intron (ENSMUST00000210701/ENSMUSG00000109926, intron 2 of 5)	486	7	45125054	45129355	4302	2	ENSMUSG00000011382	ENSMUST00000209450	9	Dhdh	ensembl_havana	protein_coding
Mouse BM 62.20%	7	35264098	35264098	1	-	8	Distal Intergenic	-8369	7	35246610	35255729	9120	2	ENSMUSG00000034875	ENSMUST00000040962	6	Nudt19	ensembl_havana	protein_coding
Mouse BM 62.20%	18	88952626	88952626	1	+	3	Distal Intergenic	-3644	18	88956270	88956419	150	1	ENSMUSG00000117777	ENSMUST00000235800	2	Gm50267	havana	processed_pseudogene
Mouse BM 62.20%	14	109456391	109456391	1	-	10	Distal Intergenic	-304801	14	109146232	109151590	5359	2	ENSMUSG00000075478	ENSMUST00000100322	4	Slitrk1	ensembl_havana	protein_coding
Mouse BM 62.20%	8	64950841	64950841	1	-	11	Distal Intergenic	16634	8	64967366	64967475	110	2	ENSMUSG00000076042	ENSMUST00000102088	3	Mir710	mirbase	miRNA
Mouse BM 62.20%	18	27667715	27667715	1	-	3	Distal Intergenic	171905	18	27821204	27839620	18417	2	ENSMUSG00000117529	ENSMUST00000234689	2	Gm49978	havana	lncRNA
Mouse BM 62.20%	5	128716276	128716276	1	+	5	Distal Intergenic	38368	5	128677908	128681157	3250	1	ENSMUSG00000081683	ENSMUST00000117102	6	Fzd10	ensembl_havana	protein_coding
Mouse BM 62.20%	1	38988091	38988091	1	-	8	Distal Intergenic	-50849	1	38902958	38937242	34285	2	ENSMUSG00000026080	ENSMUST00000194361	15	Chst10	ensembl_havana	protein_coding
Mouse BM 62.20%	17	83519266	83519266	1	-	15	Distal Intergenic	-91096	17	83405447	83428170	22724	2	ENSMUSG00000117509	ENSMUST00000235082	2	Gm46606	havana	lncRNA
Mouse BM 62.20%	3	143336516	143336516	1	-	5	Distal Intergenic	-53754	3	143281294	143282762	1469	2	ENSMUSG00000105000	ENSMUST00000199347	2	Gm43616	havana	lncRNA
Mouse BM 62.20%	2	133891360	133891360	1	+	2	Distal Intergenic	484732	2	133406628	133406714	87	1	ENSMUSG00000093338	ENSMUST00000175597	3	Mir3090	mirbase	miRNA
Mouse BM 62.20%	5	33434941	33434941	1	-	2	Distal Intergenic	-2603	5	33405067	33432338	27272	2	ENSMUSG00000037373	ENSMUST00000079746	13	Ctbp1	ensembl_havana	protein_coding
Mouse BM 62.20%	4	82263036	82263036	1	+	2	Distal Intergenic	-94611	4	82357647	82357751	105	1	ENSMUSG00002075784	ENSMUST00020182629	1	Gm55570	ensembl	rRNA
Mouse BM 62.20%	1	145592008	145592008	1	+	10	Distal Intergenic	532376	1	145059632	145060627	996	1	ENSMUSG00000097130	ENSMUST00000180655	2	Gm5262	havana	processed_pseudogene
Mouse BM 62.20%	6	121175524	121175524	1	-	3	Promoter (<=1kb)	-382	6	121173634	121175142	1509	2	ENSMUSG00000107915	ENSMUST00000205150	2	Gm44014	havana	TEC
Mouse BM 62.20%	1	53819502	53819502	1	+	3	Distal Intergenic	-10858	1	53830360	53831816	1457	1	ENSMUSG00000102405	ENSMUST00000194911	2	Gm37863	havana	TEC
Mouse BM 62.20%	10	13350897	13350897	1	+	3	Distal Intergenic	-24387	10	13375284	13376921	1638	1	ENSMUSG00000019810	ENSMUST00000130865	16	Fuca2	ensembl_havana	protein_coding
Mouse BM 62.20%	X	6557988	6557988	1	+	11	Distal Intergenic	68648	20	6489340	6549502	60163	1	ENSMUSG00000068270	ENSMUST00000089520	16	Shroom4	ensembl_havana	protein_coding
Mouse BM 62.20%	3	67647258	67647258	1	+	3	Distal Intergenic	-152295	3	67799553	67963926	164374	1	ENSMUSG00000051777	ENSMUST00000063263	7	Iqcj	ensembl_havana	protein_coding
Mouse BM 62.20%	15	12286153	12286153	1	+	3	Promoter (<=1kb)	-602	15	12286755	12287539	785	1	ENSMUSG00000115594	ENSMUST00000227442	2	Gm46497	havana	processed_pseudogene
Mouse BM 62.20%	10	12724855	12724855	1	-	4	Intron (ENSMUST00000076817/ENSMUSG00000019820, intron 1 of 73)	12624	10	12257932	12737479	479548	2	ENSMUSG00000019820	ENSMUST00000076817	12	Utrn	ensembl_havana	protein_coding
Mouse BM 62.20%	2	128782876	128782876	1	-	10	Intron (ENSMUST00000028866/ENSMUSG00000027387, intron 1 of 8)	3121	2	128768188	128785997	17810	2	ENSMUSG00000027387	ENSMUST00000028866	12	Zc3h8	ensembl_havana	protein_coding
Mouse BM 62.20%	7	113814874	113814874	1	-	2	3' UTR	2522	7	113814829	113817396	2568	2	ENSMUSG00000030754	ENSMUST00000209394	10	Copb1	ensembl_havana	protein_coding
Mouse BM 62.20%	6	144115374	144115374	1	+	2	Distal Intergenic	147740	6	143967634	143969504	1871	1	ENSMUSG00000087302	ENSMUST00000156994	2	Sox5os1	havana	lncRNA
Mouse BM 62.20%	10	41778181	41778181	1	-	12	Distal Intergenic	73937	10	41792047	41852118	60072	2	ENSMUSG00000071324	ENSMUST00000160367	12	Armc2	ensembl_havana	protein_coding
Mouse BM 62.20%	X	167689052	167689052	1	-	9	Distal Intergenic	-130800	20	167557853	167558252	400	2	ENSMUSG00000081500	ENSMUST00000118747	2	Gm15233	havana	processed_pseudogene
Mouse BM 62.20%	11	53223546	53223546	1	-	2	Distal Intergenic	12958	11	53236117	53236504	388	2	ENSMUSG00000082263	ENSMUST00000122382	2	Gm11188	havana	processed_pseudogene
Mouse BM 62.20%	8	89760421	89760421	1	+	2	Distal Intergenic	-7900	8	89768321	89795969	27649	1	ENSMUSG00000120400	ENSMUST00000243370	1	Gm3134	havana_tagene	lncRNA
Mouse BM 62.20%	X	162648834	162648834	1	+	5	Distal Intergenic	-43179	20	162692013	162716662	24650	1	ENSMUSG00000031367	ENSMUST00000069041	16	Ap1s2	ensembl_havana	protein_coding
Mouse BM 62.20%	19	7819337	7819337	1	+	6	Distal Intergenic	-133868	19	7953205	7955404	2200	1	ENSMUSG00000118036	ENSMUST00000236487	2	Gm6386	havana	processed_pseudogene
Mouse BM 62.20%	1	44151565	44151565	1	-	2	Promoter (1-2kb)	-1615	1	44130724	44149950	19227	2	ENSMUSG00000101104	ENSMUST00000134195	7	Gm29247	havana	lncRNA
Mouse BM 62.20%	8	34435741	34435741	1	-	2	Distal Intergenic	-15850	8	34272671	34419891	147221	2	ENSMUSG00000031586	ENSMUST00000053251	18	Rbpms	ensembl_havana	protein_coding
Mouse BM 62.20%	17	5055240	5055240	1	+	3	Intron (ENSMUST00000124362/ENSMUSG00000069729, intron 1 of 2)	8536	17	5046704	5148461	101758	1	ENSMUSG00000069729	ENSMUST00000156775	15	Arid1b	ensembl_havana	protein_coding
Mouse BM 62.20%	15	79416925	79416925	1	-	5	3' UTR	13831	15	79415554	79430756	15203	2	ENSMUSG00000055065	ENSMUST00000231053	8	Ddx17	ensembl_havana	protein_coding
Mouse BM 62.20%	2	106546304	106546304	1	-	2	Distal Intergenic	-65552	2	106473257	106480752	7496	2	ENSMUSG00000085218	ENSMUST00000243209	9	BB218582	havana	lncRNA
Mouse BM 62.20%	X	41414220	41414220	1	+	2	Distal Intergenic	-22169	20	41436389	41436556	168	1	ENSMUSG00000083450	ENSMUST00000120480	2	Gm14619	havana	processed_pseudogene
Mouse BM 62.20%	14	68427448	68427448	1	-	2	Distal Intergenic	-22925	14	68404402	68404523	122	2	ENSMUSG00000087772	ENSMUST00000157147	3	Gm22319	ensembl	snoRNA
Mouse BM 62.20%	9	27533929	27533929	1	+	4	Intron (ENSMUST00000213224/ENSMUSG00000110851, intron 1 of 1)	6448	9	27527481	27537194	9714	1	ENSMUSG00000110851	ENSMUST00000213224	2	Gm48902	havana	lncRNA
Mouse BM 62.20%	8	112088344	112088344	1	-	5	Intron (ENSMUST00000159336/ENSMUSG00000033579, intron 1 of 6)	4765	8	112071767	112093109	21343	2	ENSMUSG00000033579	ENSMUST00000159336	17	Fa2h	ensembl_havana	protein_coding
Mouse BM 62.20%	7	55004640	55004640	1	-	8	Distal Intergenic	-110853	7	54893681	54893787	107	2	ENSMUSG00000077163	ENSMUST00000103975	4	Gm24116	ensembl	snRNA
Mouse BM 62.20%	16	81448765	81448765	1	-	2	Distal Intergenic	201316	16	81648063	81650081	2019	2	ENSMUSG00000116954	ENSMUST00000231902	2	Gm5676	havana	processed_pseudogene
Mouse BM 62.20%	19	25207443	25207443	1	+	2	Distal Intergenic	-6896	19	25214339	25411860	197522	1	ENSMUSG00000032702	ENSMUST00000049400	17	Kank1	ensembl_havana	protein_coding
Mouse BM 37.00%	15	58321955	58321955	1	-	153	Distal Intergenic	-60862	15	58204867	58261093	56227	2	ENSMUSG00000055114	ENSMUST00000227274	11	Anxa13	ensembl_havana	protein_coding
Mouse BM 37.00%	6	40833169	40833169	1	+	107	Exon (ENSMUST00000195870/ENSMUSG00000102802, exon 42 of 47)	-34994	6	40868163	40868819	657	1	ENSMUSG00000076461	ENSMUST00000103262	3	Trbv1	ensembl_havana	TR_V_gene
Mouse BM 37.00%	5	15928429	15928429	1	+	94	Distal Intergenic	42721	5	15885708	15919594	33887	1	ENSMUSG00000089871	ENSMUST00000162113	2	Speer4cos	havana	lncRNA
Mouse BM 37.00%	11	97644574	97644574	1	+	104	Distal Intergenic	8851	11	97635723	97635861	139	1	ENSMUSG00000098919	ENSMUST00000184148	3	Mir8102	mirbase	miRNA
Mouse BM 37.00%	2	134802072	134802072	1	+	92	Intron (ENSMUST00000131552/ENSMUSG00000051177, intron 2 of 32)	156203	2	134645869	134646348	480	1	ENSMUSG00000082399	ENSMUST00000118248	2	Gm14036	havana	processed_pseudogene
Mouse BM 37.00%	11	52166817	52166817	1	-	78	Promoter (1-2kb)	-1113	11	52145983	52165704	19722	2	ENSMUSG00000000782	ENSMUST00000238914	17	Tcf7	ensembl_havana	protein_coding
Mouse BM 37.00%	13	92494291	92494291	1	+	58	Intron (ENSMUST00000022218/ENSMUSG00000021707, intron 2 of 5)	3057	13	92491234	92525561	34328	1	ENSMUSG00000021707	ENSMUST00000022218	6	Dhfr	ensembl_havana	protein_coding
Mouse BM 37.00%	9	120218135	120218135	1	+	79	Intron (ENSMUST00000133173/ENSMUSG00000041794, intron 3 of 5)	2760	9	120215375	120262017	46643	1	ENSMUSG00000041794	ENSMUST00000214784	14	Myrip	ensembl_havana	protein_coding
Mouse BM 37.00%	14	98876281	98876281	1	+	29	Distal Intergenic	14655	14	98861626	98861732	107	1	ENSMUSG00000119462	ENSMUST00000180098	1	Gm26139	ensembl	snRNA
Mouse BM 37.00%	5	32571002	32571002	1	+	33	Distal Intergenic	-6345	5	32577347	32578316	970	1	ENSMUSG00000107211	ENSMUST00000202263	2	Gm5864	havana	processed_pseudogene
Mouse BM 37.00%	2	49809227	49809227	1	-	28	Distal Intergenic	-12335	2	49796783	49796892	110	2	ENSMUSG00002075205	ENSMUST00020182868	1	Gm56480	ensembl	misc_RNA
Mouse BM 37.00%	7	116127187	116127187	1	-	53	Distal Intergenic	-35548	7	116091352	116091639	288	2	ENSMUSG00000108566	ENSMUST00000206800	2	Gm32676	havana	processed_pseudogene
Mouse BM 37.00%	14	102726422	102726422	1	-	20	Distal Intergenic	-159325	14	102566966	102567097	132	2	ENSMUSG00000119010	ENSMUST00000240023	1	Gm22347	ensembl	snoRNA
Mouse BM 37.00%	1	94712207	94712207	1	-	27	Distal Intergenic	-168778	1	94543361	94543429	69	2	ENSMUSG00000077413	ENSMUST00000104225	3	Gm23389	ensembl	snoRNA
Mouse BM 37.00%	6	37681156	37681156	1	-	39	Distal Intergenic	-17026	6	37663174	37664130	957	2	ENSMUSG00000107035	ENSMUST00000201305	2	Ybx1-ps2	havana	processed_pseudogene
Mouse BM 37.00%	1	179795069	179795069	1	-	20	Distal Intergenic	-42093	1	179752517	179752976	460	2	ENSMUSG00000104418	ENSMUST00000193272	2	Gm37070	havana	processed_pseudogene
Mouse BM 37.00%	6	143033574	143033574	1	+	18	Distal Intergenic	-47239	6	143080813	143081015	203	1	ENSMUSG00000107398	ENSMUST00000203058	2	Gm44306	havana	processed_pseudogene
Mouse BM 37.00%	19	22993264	22993264	1	+	15	Distal Intergenic	-45527	19	23038791	23041396	2606	1	ENSMUSG00000118155	ENSMUST00000237212	3	Gm50136	havana	lncRNA
Mouse BM 37.00%	11	59965072	59965072	1	+	10	Distal Intergenic	-25301	11	59990373	59990499	127	1	ENSMUSG00002076193	ENSMUST00020183226	1	Gm55154	ensembl	misc_RNA
Mouse BM 37.00%	18	40199402	40199402	1	+	14	Distal Intergenic	-115236	18	40314638	40317081	2444	1	ENSMUSG00000117838	ENSMUST00000237035	2	Gm50396	havana	lncRNA
Mouse BM 37.00%	8	34892020	34892020	1	-	10	Intron (ENSMUST00000210285/ENSMUSG00000110369, intron 5 of 6)	-39038	8	34847698	34852982	5285	2	ENSMUSG00000110178	ENSMUST00000211696	2	Gm33831	havana	lncRNA
Mouse BM 37.00%	5	119778323	119778323	1	+	10	Distal Intergenic	-5876	5	119784199	119797327	13129	1	ENSMUSG00000085345	ENSMUST00000154997	2	Gm16064	havana	lncRNA
Mouse BM 37.00%	2	9936136	9936136	1	+	23	Distal Intergenic	25147	2	9910989	9919489	8501	1	ENSMUSG00000075534	ENSMUST00000149014	6	Gm13262	ensembl_havana	lncRNA
Mouse BM 37.00%	11	107579151	107579151	1	+	15	3' UTR	15365	11	107563786	107577339	13554	1	ENSMUSG00000020721	ENSMUST00000153080	17	Helz	ensembl_havana	protein_coding
Mouse BM 37.00%	11	6087013	6087013	1	+	27	Distal Intergenic	-105365	11	6192378	6192721	344	1	ENSMUSG00000081153	ENSMUST00000117212	2	Gm11401	havana	processed_pseudogene
Mouse BM 37.00%	1	126228118	126228118	1	-	9	Intron (ENSMUST00000161954/ENSMUSG00000049690, intron 3 of 14)	24293	1	126251372	126252411	1040	2	ENSMUSG00000103824	ENSMUST00000192213	2	Gm38177	havana	TEC
Mouse BM 37.00%	5	136409225	136409225	1	+	11	Intron (ENSMUST00000148082/ENSMUSG00000086220, intron 1 of 4)	105375	5	136303850	136446748	142899	1	ENSMUSG00000086220	ENSMUST00000148082	2	Gm16599	havana	lncRNA
Mouse BM 37.00%	13	60194276	60194276	1	-	24	Distal Intergenic	11163	13	60201498	60205439	3942	2	ENSMUSG00000114795	ENSMUST00000223983	2	Gm48396	havana	lncRNA
Mouse BM 37.00%	9	71909105	71909105	1	-	13	Promoter (1-2kb)	-1347	9	71790014	71907758	117745	2	ENSMUSG00000032228	ENSMUST00000184416	17	Tcf12	ensembl_havana	protein_coding
Mouse BM 37.00%	6	107768523	107768523	1	-	22	Distal Intergenic	335501	6	108085308	108104024	18717	2	ENSMUSG00000030101	ENSMUST00000166197	16	Sumf1	ensembl_havana	protein_coding
Mouse BM 37.00%	4	32597808	32597808	1	+	6	Distal Intergenic	-13543	4	32611351	32611725	375	1	ENSMUSG00000081879	ENSMUST00000121550	2	Gm11933	havana	processed_pseudogene
Mouse BM 37.00%	3	103491101	103491101	1	-	7	Distal Intergenic	62283	3	103551270	103553384	2115	2	ENSMUSG00000087119	ENSMUST00000117271	5	Atg4a-ps	ensembl_havana	protein_coding
Mouse BM 37.00%	8	79545021	79545021	1	-	11	Intron (ENSMUST00000130325/ENSMUSG00000031683, intron 2 of 4)	2748	8	79533080	79547769	14690	2	ENSMUSG00000031683	ENSMUST00000051867	17	Lsm6	ensembl_havana	protein_coding
Mouse BM 37.00%	14	33691798	33691798	1	-	5	3' UTR	8923	14	33689027	33700721	11695	2	ENSMUSG00000044519	ENSMUST00000166737	9	Zfp488	ensembl_havana	protein_coding
Mouse BM 37.00%	1	162208920	162208920	1	+	4	Distal Intergenic	65259	1	162143661	162144090	430	1	ENSMUSG00000089933	ENSMUST00000160695	2	Gm16101	havana	processed_pseudogene
Mouse BM 37.00%	18	73727405	73727405	1	-	10	Distal Intergenic	48229	18	73773229	73775634	2406	2	ENSMUSG00000024515	ENSMUST00000131339	14	Smad4	ensembl_havana	protein_coding
Mouse BM 37.00%	16	42821724	42821724	1	+	26	Intron (ENSMUST00000126354/ENSMUSG00000022708, intron 2 of 7)	45730	16	42775994	42776312	319	1	ENSMUSG00000081824	ENSMUST00000121906	6	Ndufs5-ps	havana	processed_pseudogene
Mouse BM 37.00%	19	32117622	32117622	1	+	6	Distal Intergenic	190138	19	31927484	31929761	2278	1	ENSMUSG00000118366	ENSMUST00000237398	2	9130016M20Rik	havana	lncRNA
Mouse BM 37.00%	18	52745351	52745351	1	+	8	Distal Intergenic	-3636	18	52748987	52772902	23916	1	ENSMUSG00000046886	ENSMUST00000072666	7	Zfp474	ensembl_havana	protein_coding
Mouse BM 37.00%	15	38973025	38973025	1	-	7	Intron (ENSMUST00000022908/ENSMUSG00000022299, intron 1 of 6)	3002	15	38958363	38976027	17665	2	ENSMUSG00000022299	ENSMUST00000228160	10	Slc25a32	ensembl_havana	protein_coding
Mouse BM 37.00%	11	101112467	101112467	1	-	5	Intron (ENSMUST00000107284/ENSMUSG00000006920, intron 1 of 20)	4785	11	101088215	101117252	29038	2	ENSMUSG00000006920	ENSMUST00000100417	15	Ezh1	ensembl_havana	protein_coding
Mouse BM 37.00%	5	52041876	52041876	1	-	11	Distal Intergenic	-4932	5	52032761	52036944	4184	2	ENSMUSG00000106010	ENSMUST00000198989	2	Gm42616	havana	TEC
Mouse BM 37.00%	12	49802546	49802546	1	+	4	Distal Intergenic	-193440	12	49995986	49997513	1528	1	ENSMUSG00000120526	ENSMUST00000243990	1	Gm56521	havana_tagene	lncRNA
Mouse BM 37.00%	2	58258049	58258049	1	-	5	Distal Intergenic	-10142	2	58157465	58247907	90443	2	ENSMUSG00000026834	ENSMUST00000028178	14	Acvr1c	ensembl_havana	protein_coding
Mouse BM 37.00%	13	18951955	18951955	1	+	8	Intron (ENSMUST00000072961/ENSMUSG00000041236, intron 4 of 28)	-12058	13	18964013	19011825	47813	1	ENSMUSG00000041236	ENSMUST00000222813	9	Vps41	ensembl_havana	protein_coding
Mouse BM 37.00%	6	114209269	114209269	1	-	8	Distal Intergenic	-62785	6	114145845	114146484	640	2	ENSMUSG00000108186	ENSMUST00000204938	2	Gm8132	havana	processed_pseudogene
Mouse BM 37.00%	4	95515195	95515195	1	+	14	Intron (ENSMUST00000079223/ENSMUSG00000028573, intron 5 of 15)	3402	4	95511793	95627159	115367	1	ENSMUSG00000028573	ENSMUST00000143742	19	Fggy	ensembl_havana	protein_coding
Mouse BM 37.00%	9	31039014	31039014	1	+	14	Distal Intergenic	33516	9	31005498	31006290	793	1	ENSMUSG00000081343	ENSMUST00000119589	2	Gm16071	havana	processed_pseudogene
Mouse BM 37.00%	19	30555076	30555076	1	-	7	Intron (ENSMUST00000065067/ENSMUSG00000052920, intron 16 of 17)	-3521	19	30546361	30551555	5195	2	ENSMUSG00000052920	ENSMUST00000183135	17	Prkg1	ensembl_havana	protein_coding
Mouse BM 37.00%	10	20234881	20234881	1	-	17	Distal Intergenic	6302	10	20240756	20241183	428	2	ENSMUSG00000111351	ENSMUST00000213596	2	Gm48537	havana	processed_pseudogene
Mouse BM 37.00%	2	148143855	148143855	1	+	4	Distal Intergenic	-93409	2	148237264	148238687	1424	1	ENSMUSG00000037014	ENSMUST00000109962	5	Sstr4	ensembl_havana	protein_coding
Mouse BM 37.00%	3	9993822	9993822	1	+	9	Distal Intergenic	29332	3	9964490	9967437	2948	1	ENSMUSG00000102795	ENSMUST00000193785	2	Gm6236	havana	processed_pseudogene
Mouse BM 37.00%	18	84220821	84220821	1	-	12	Intron (ENSMUST00000125450/ENSMUSG00000048410, intron 2 of 2)	-90788	18	84128911	84130033	1123	2	ENSMUSG00000117915	ENSMUST00000238103	2	Gm50309	havana	lncRNA
Mouse BM 37.00%	12	72093545	72093545	1	-	5	Downstream (1-2kb)	2488	12	72095483	72096033	551	2	ENSMUSG00000114155	ENSMUST00000221336	2	Gm7986	havana	processed_pseudogene
Mouse BM 37.00%	13	93811700	93811700	1	-	8	Promoter (<=1kb)	-890	13	93792228	93810810	18583	2	ENSMUSG00000042118	ENSMUST00000015941	8	Bhmt2	ensembl_havana	protein_coding
Mouse BM 37.00%	5	62872656	62872656	1	+	2	Distal Intergenic	-96361	5	62969017	63045651	76635	1	ENSMUSG00000090326	ENSMUST00000238474	3	Dthd1	ensembl_havana	protein_coding
Mouse BM 37.00%	3	41569637	41569637	1	-	3	Distal Intergenic	14923	3	41581541	41584560	3020	2	ENSMUSG00000059834	ENSMUST00000142908	13	Sclt1	ensembl_havana	protein_coding
Mouse BM 37.00%	9	6140805	6140805	1	-	3	Distal Intergenic	129041	9	6262733	6269846	7114	2	ENSMUSG00000047619	ENSMUST00000051706	6	Ddi1	ensembl_havana	protein_coding
Mouse BM 37.00%	6	70847939	70847939	1	-	2	Distal Intergenic	14847	6	70860338	70862786	2449	2	ENSMUSG00000105776	ENSMUST00000199580	2	Gm43292	havana	TEC
Mouse BM 37.00%	2	181434485	181434485	1	+	5	Intron (ENSMUST00000081125/ENSMUSG00000010505, intron 4 of 22)	-3615	2	181438100	181469525	31426	1	ENSMUSG00000010505	ENSMUST00000130079	17	Myt1	ensembl_havana	protein_coding
Mouse BM 37.00%	8	116539494	116539494	1	-	10	Distal Intergenic	-104961	8	116428174	116434533	6360	2	ENSMUSG00000055435	ENSMUST00000109104	7	Maf	ensembl_havana	protein_coding
Mouse BM 37.00%	7	29844561	29844561	1	+	5	Distal Intergenic	-6705	7	29851266	29852353	1088	1	ENSMUSG00000108926	ENSMUST00000209150	2	Gm10988	havana	processed_pseudogene
Mouse BM 37.00%	19	24857339	24857339	1	-	2	Distal Intergenic	-18120	19	24660380	24839219	178840	2	ENSMUSG00000041731	ENSMUST00000047666	14	Pgm5	ensembl_havana	protein_coding
Mouse BM 37.00%	14	14647668	14647668	1	-	4	Intron (ENSMUST00000052678/ENSMUSG00000025278, intron 1 of 45)	4148	14	14518185	14651816	133632	2	ENSMUSG00000025278	ENSMUST00000052678	10	Flnb	ensembl_havana	protein_coding
Mouse BM 37.00%	15	78429429	78429429	1	-	3	Promoter (<=1kb)	-544	15	78421208	78428885	7678	2	ENSMUSG00000044933	ENSMUST00000053239	4	Sstr3	ensembl_havana	protein_coding
Mouse BM 37.00%	13	23012950	23012950	1	-	4	Promoter (<=1kb)	-666	13	23011364	23012284	921	2	ENSMUSG00000061296	ENSMUST00000072044	3	Vmn1r210	ensembl_havana	protein_coding
Mouse BM 37.00%	5	31115746	31115746	1	-	4	Exon (ENSMUST00000202930/ENSMUSG00000045302, exon 3 of 3)	260	5	31115320	31116006	687	2	ENSMUSG00000045302	ENSMUST00000200756	14	Preb	ensembl_havana	protein_coding
Mouse BM 37.00%	19	22479209	22479209	1	-	11	Distal Intergenic	-52980	19	22415914	22426229	10316	2	ENSMUSG00000098739	ENSMUST00000185015	2	Gm27151	havana	lncRNA
Mouse BM 37.00%	4	136058271	136058271	1	-	2	Distal Intergenic	18481	4	136075158	136076752	1595	2	ENSMUSG00000098155	ENSMUST00000183225	2	Gm27022	havana	lncRNA
Mouse BM 37.00%	3	34105432	34105432	1	+	4	Intron (ENSMUST00000001620/ENSMUSG00000027680, intron 9 of 16)	4651	3	34100781	34103264	2484	1	ENSMUSG00000027680	ENSMUST00000200425	16	Fxr1	ensembl_havana	protein_coding
Mouse BM 37.00%	16	79787304	79787304	1	-	2	Distal Intergenic	-75545	16	79711348	79711759	412	2	ENSMUSG00000097552	ENSMUST00000181937	3	Rps19-ps12	havana	processed_pseudogene
Mouse BM 37.00%	X	111376330	111376330	1	-	3	Distal Intergenic	-3730	20	111368730	111372600	3871	2	ENSMUSG00000083520	ENSMUST00000118325	2	Gm6418	havana	processed_pseudogene
Mouse BM 37.00%	2	76130171	76130171	1	-	3	Intron (ENSMUST00000099992/ENSMUSG00000075270, intron 1 of 19)	38947	2	75820256	76169118	348863	2	ENSMUSG00000075270	ENSMUST00000099992	12	Pde11a	ensembl_havana	protein_coding
Mouse BM 38.90%	13	23879039	23879039	1	+	46	Promoter (<=1kb)	-758	13	23879797	23880708	912	1	ENSMUSG00000036211	ENSMUST00000041052	5	H1f6	ensembl_havana	protein_coding
Mouse BM 38.90%	2	84756663	84756663	1	+	19	Promoter (1-2kb)	-1755	2	84758418	84758519	102	1	ENSMUSG00002076794	ENSMUST00020182082	1	Gm56442	ensembl	miRNA
Mouse BM 38.90%	14	65583788	65583788	1	+	12	Distal Intergenic	-12050	14	65595838	65623837	28000	1	ENSMUSG00000034522	ENSMUST00000224623	11	Zfp395	ensembl_havana	protein_coding
Mouse BM 38.90%	13	44888204	44888204	1	+	16	Intron (ENSMUST00000174068/ENSMUSG00000038518, intron 2 of 3)	688	13	44887516	45027790	140275	1	ENSMUSG00000038518	ENSMUST00000172581	16	Jarid2	ensembl_havana	protein_coding
Mouse BM 38.90%	9	48974221	48974221	1	+	8	Intron (ENSMUST00000034803/ENSMUSG00000032264, intron 6 of 15)	-3786	9	48978007	48990075	12069	1	ENSMUSG00000032264	ENSMUST00000213787	10	Zw10	ensembl_havana	protein_coding
Mouse BM 38.90%	2	69865830	69865830	1	+	24	Distal Intergenic	-3425	2	69869255	69872750	3496	1	ENSMUSG00000086132	ENSMUST00000140978	2	Gm13631	havana	lncRNA
Mouse BM 38.90%	3	28555877	28555877	1	+	8	Intron (ENSMUST00000160934/ENSMUSG00000027692, intron 3 of 31)	-36550	3	28592427	28594241	1815	1	ENSMUSG00000027692	ENSMUST00000193721	17	Tnik	ensembl_havana	protein_coding
Mouse BM 38.90%	18	6398990	6398990	1	+	8	Distal Intergenic	30630	18	6368360	6368797	438	1	ENSMUSG00000117387	ENSMUST00000234758	2	Gm49986	havana	processed_pseudogene
Mouse BM 38.90%	9	37453138	37453138	1	+	5	Promoter (<=1kb)	-156	9	37453294	37453989	696	1	ENSMUSG00000001943	ENSMUST00000215710	9	Vsig2	ensembl_havana	protein_coding
Mouse BM 38.90%	5	132189659	132189659	1	-	9	Intron (ENSMUST00000161226/ENSMUSG00000029673, intron 2 of 18)	42348	5	132230678	132232007	1330	2	ENSMUSG00000105495	ENSMUST00000197047	2	Gm42995	havana	TEC
Mouse BM 38.90%	2	119791677	119791677	1	-	3	Distal Intergenic	66257	2	119855288	119857934	2647	2	ENSMUSG00000087458	ENSMUST00000141511	2	Gm13999	havana	lncRNA
Mouse BM 38.90%	3	139014743	139014743	1	-	9	Distal Intergenic	108881	3	139123518	139123624	107	2	ENSMUSG00000119200	ENSMUST00000239967	1	Gm24260	ensembl	snRNA
Mouse BM 38.90%	18	61555267	61555267	1	-	4	Distal Intergenic	12005	18	61566573	61567272	700	2	ENSMUSG00000118286	ENSMUST00000235755	2	Gm8755	havana	processed_pseudogene
Mouse BM 38.90%	18	5518045	5518045	1	+	9	Distal Intergenic	-73815	18	5591860	5641385	49526	1	ENSMUSG00000024238	ENSMUST00000224200	16	Zeb1	ensembl_havana	protein_coding
Mouse BM 38.90%	14	13802494	13802494	1	+	5	Promoter (1-2kb)	-1039	14	13803533	14038581	235049	1	ENSMUSG00000021747	ENSMUST00000102996	13	Cfap20dc	ensembl_havana	protein_coding
Mouse BM 38.90%	19	24873691	24873691	1	-	4	Downstream (2-3kb)	4870	19	24876600	24878561	1962	2	ENSMUSG00000051490	ENSMUST00000058600	4	Foxd4	ensembl_havana	protein_coding
Mouse BM 38.90%	X	164947147	164947147	1	+	5	Distal Intergenic	-6303	20	164953450	164972800	19351	1	ENSMUSG00000040621	ENSMUST00000130880	15	Gemin8	ensembl_havana	protein_coding
Mouse BM 38.90%	11	44022105	44022105	1	+	4	Intron (ENSMUST00000148504/ENSMUSG00000087172, intron 6 of 6)	172189	11	43849916	44025814	175899	1	ENSMUSG00000087172	ENSMUST00000148504	2	Gm12153	havana	lncRNA
Mouse BM 38.90%	15	66136493	66136493	1	+	6	Distal Intergenic	-22273	15	66158766	66162092	3327	1	ENSMUSG00000099054	ENSMUST00000184211	2	Gm27242	havana	lncRNA
Mouse BM 38.90%	3	108190532	108190532	1	-	2	Downstream (<1kb)	1627	3	108191214	108192159	946	2	ENSMUSG00000084863	ENSMUST00000148844	2	Gm12523	havana	lncRNA
Mouse BM 38.90%	14	14377046	14377046	1	-	4	Downstream (<1kb)	2649	14	14379219	14379695	477	2	ENSMUSG00000023156	ENSMUST00000180369	5	Rpp14	ensembl_havana	protein_coding
Mouse BM 38.90%	3	36535970	36535970	1	-	2	Distal Intergenic	-5927	3	36503072	36530043	26972	2	ENSMUSG00000027712	ENSMUST00000029266	14	Anxa5	ensembl_havana	protein_coding
Mouse BM 38.90%	4	58648184	58648184	1	-	3	Downstream (<1kb)	10408	4	58648392	58658592	10201	2	ENSMUSG00000086470	ENSMUST00000127456	2	Gm12580	havana	lncRNA
Mouse BM 25.00%	X	168014692	168014692	1	-	11	Distal Intergenic	-44496	20	167959110	167970196	11087	2	ENSMUSG00000031354	ENSMUST00000066112	17	Amelx	ensembl_havana	protein_coding
Mouse BM 25.00%	3	66141392	66141392	1	+	9	Distal Intergenic	13726	3	66127666	66128851	1186	1	ENSMUSG00000027832	ENSMUST00000182521	6	Ptx3	ensembl_havana	protein_coding
Mouse BM 25.00%	12	108416955	108416955	1	+	5	Intron (ENSMUST00000138456/ENSMUSG00000058070, intron 1 of 6)	-21157	12	108438112	108505823	67712	1	ENSMUSG00000058070	ENSMUST00000155544	15	Eml1	ensembl_havana	protein_coding
Mouse BM 25.00%	15	100857142	100857142	1	+	8	Intron (ENSMUST00000201518/ENSMUSG00000023033, intron 5 of 14)	2177	15	100854965	100899960	44996	1	ENSMUSG00000023033	ENSMUST00000202702	15	Scn8a	ensembl_havana	protein_coding
Mouse BM 25.00%	5	107686603	107686603	1	+	7	Intron (ENSMUST00000143074/ENSMUSG00000106631, intron 1 of 3)	3980	5	107682623	107696888	14266	1	ENSMUSG00000089798	ENSMUST00000162591	11	1700028K03Rik	ensembl_havana	protein_coding
Mouse BM 25.00%	6	95525912	95525912	1	-	6	Intron (ENSMUST00000204224/ENSMUSG00000061838, intron 9 of 10)	95078	6	95543466	95620990	77525	2	ENSMUSG00000061838	ENSMUST00000203071	8	Suclg2	ensembl_havana	protein_coding
Mouse BM 25.00%	1	55568292	55568292	1	+	6	Intron (ENSMUST00000042986/ENSMUSG00000038349, intron 1 of 5)	-30327	1	55598619	55600214	1596	1	ENSMUSG00000102831	ENSMUST00000193032	2	Gm37382	havana	TEC
Mouse BM 25.00%	15	69396324	69396324	1	+	3	Distal Intergenic	253942	15	69142382	69146569	4188	1	ENSMUSG00000116167	ENSMUST00000231164	2	4930504C09Rik	havana	lncRNA
Mouse BM 25.00%	18	8239305	8239305	1	-	4	Distal Intergenic	-11299	18	8227514	8228006	493	2	ENSMUSG00000117385	ENSMUST00000234783	2	Gm20147	havana	processed_pseudogene
Mouse BM 25.00%	10	19546701	19546701	1	-	4	Distal Intergenic	47751	10	19591900	19594452	2553	2	ENSMUSG00000110958	ENSMUST00000213761	2	Gm33332	havana	lncRNA
Mouse BM 25.00%	19	27212107	27212107	1	+	5	Intron (ENSMUST00000164509/ENSMUSG00000024924, intron 3 of 16)	-4067	19	27216174	27221228	5055	1	ENSMUSG00000024924	ENSMUST00000165761	15	Vldlr	ensembl_havana	protein_coding
Mouse BM 25.00%	2	146165252	146165252	1	+	10	Distal Intergenic	17785	2	146147467	146148309	843	1	ENSMUSG00000042938	ENSMUST00000122417	9	Gm14117	ensembl_havana	processed_pseudogene
Mouse BM 25.00%	4	10364490	10364490	1	+	2	Distal Intergenic	-216322	4	10580812	10581102	291	1	ENSMUSG00000081361	ENSMUST00000118586	2	Gm11813	havana	processed_pseudogene
Mouse BM 25.00%	9	122425663	122425663	1	+	3	Intron (ENSMUST00000181682/ENSMUSG00000097736, intron 2 of 3)	24096	9	122401567	122508661	107095	1	ENSMUSG00000097736	ENSMUST00000181719	9	9530059O14Rik	havana	lncRNA
Mouse BM 25.00%	8	12912973	12912973	1	+	7	Intron (ENSMUST00000033818/ENSMUSG00000031441, intron 28 of 29)	1408	8	12911565	12915570	4006	1	ENSMUSG00000031441	ENSMUST00000139545	16	Atp11a	ensembl_havana	protein_coding
Mouse BM 0.00%	X	128786697	128786697	1	-	2	Distal Intergenic	-279492	20	128506883	128507205	323	2	ENSMUSG00000081874	ENSMUST00000121551	2	Gm14983	havana	processed_pseudogene
Mouse BM 25.00%	5	14859561	14859561	1	-	4	Distal Intergenic	-85883	5	14746999	14773678	26680	2	ENSMUSG00000098233	ENSMUST00000182753	2	Gm26954	havana	lncRNA
Mouse BM 25.00%	14	118200931	118200931	1	-	4	Distal Intergenic	-9672	14	118191155	118191259	105	2	ENSMUSG00000098648	ENSMUST00000183564	3	Mir6239	mirbase	miRNA
Mouse BM 25.00%	9	41494065	41494065	1	+	3	Intron (ENSMUST00000212373/ENSMUSG00000074415, intron 4 of 4)	843	9	41493222	41493298	77	1	ENSMUSG00000093354	ENSMUST00000175613	3	Mir125b-1	mirbase	miRNA
Mouse BM 25.00%	2	4784256	4784256	1	+	4	Intron (ENSMUST00000184139/ENSMUSG00000048186, intron 6 of 8)	26728	2	4757528	4806953	49426	1	ENSMUSG00000048186	ENSMUST00000138322	15	Bend7	ensembl_havana	protein_coding
Mouse BM 0.00%	3	36696165	36696165	1	+	6	Distal Intergenic	79920	3	36616245	36619794	3550	1	ENSMUSG00000027714	ENSMUST00000131316	12	Exosc9	ensembl_havana	protein_coding
Mouse BM 65.10%	15	82235630	82235630	1	+	10	Downstream (2-3kb)	-2963	15	82238593	82239103	511	1	ENSMUSG00000121118	ENSMUST00000247199	1	Gm56734	havana_tagene	lncRNA
Mouse BM 65.10%	6	100033859	100033859	1	+	7	Distal Intergenic	-190331	6	100224190	100225221	1032	1	ENSMUSG00000108269	ENSMUST00000203663	3	Gm18422	havana	transcribed_processed_pseudogene
Mouse BM 65.10%	12	20875124	20875124	1	-	6	Distal Intergenic	-9344	12	20854382	20865780	11399	2	ENSMUSG00000099759	ENSMUST00000189625	2	1700030C10Rik	havana	lncRNA
Mouse BM 65.10%	5	151075400	151075400	1	-	4	Intron (ENSMUST00000110483/ENSMUSG00000016128, intron 1 of 13)	-24392	5	150963108	151051008	87901	2	ENSMUSG00000016128	ENSMUST00000202111	15	Stard13	ensembl_havana	protein_coding
Mouse BM 65.10%	2	133392711	133392711	1	-	4	Distal Intergenic	33630	2	133426235	133426341	107	2	ENSMUSG00000119228	ENSMUST00000239857	1	Gm25258	ensembl	snRNA
Mouse BM 65.10%	7	49511901	49511901	1	-	4	Distal Intergenic	-225304	7	49281247	49286597	5351	2	ENSMUSG00000030507	ENSMUST00000032717	7	Dbx1	ensembl_havana	protein_coding
Mouse BM 65.10%	7	135431402	135431402	1	-	3	Distal Intergenic	24775	7	135452437	135456177	3741	2	ENSMUSG00000110078	ENSMUST00000211237	2	Gm45241	havana	lncRNA
Mouse BM 65.10%	6	16855794	16855794	1	-	3	Intron (ENSMUST00000031533/ENSMUSG00000029553, intron 2 of 6)	-9799	6	16844196	16845995	1800	2	ENSMUSG00000029553	ENSMUST00000200984	11	Tfec	ensembl_havana	protein_coding
Mouse BM 65.10%	7	114128734	114128734	1	+	7	Intron (ENSMUST00000032909/ENSMUSG00000030671, intron 12 of 15)	7765	7	114120969	114130257	9289	1	ENSMUSG00000030671	ENSMUST00000149455	10	Pde3b	ensembl_havana	protein_coding
Mouse BM 65.10%	19	10469759	10469759	1	-	3	Distal Intergenic	-9467	19	10451599	10460292	8694	2	ENSMUSG00000035179	ENSMUST00000237522	5	Ppp1r32	ensembl_havana	protein_coding
Mouse BM 65.10%	9	13595418	13595418	1	-	4	Distal Intergenic	43320	9	13638383	13638738	356	2	ENSMUSG00000111698	ENSMUST00000215676	2	Gm47105	havana	processed_pseudogene
Mouse BM 65.10%	9	68409405	68409405	1	+	5	Distal Intergenic	-8040	9	68417445	68417517	73	1	ENSMUSG00002075243	ENSMUST00020182422	1	Gm55993	ensembl	snoRNA
Mouse BM 65.10%	4	72893545	72893545	1	-	2	Distal Intergenic	-68970	4	72824438	72824575	138	2	ENSMUSG00000089098	ENSMUST00000158473	3	Gm25653	ensembl	snoRNA
Mouse BM 65.10%	7	19039933	19039933	1	-	2	Intron (ENSMUST00000003640/ENSMUSG00000003545, intron 3 of 3)	3592	7	19038722	19043525	4804	2	ENSMUSG00000003545	ENSMUST00000208446	4	Fosb	ensembl_havana	protein_coding
Mouse BM 65.10%	11	98553637	98553637	1	-	3	Distal Intergenic	20604	11	98573747	98574241	495	2	ENSMUSG00000085955	ENSMUST00000122854	2	Gm12356	havana	lncRNA
Mouse BM 62.20%	4	85896218	85896218	1	-	10	Distal Intergenic	65513	4	85961631	85961731	101	2	ENSMUSG00000064687	ENSMUST00000082753	3	Gm25811	ensembl	snRNA
Mouse BM 62.20%	6	41089916	41089916	1	+	6	Promoter (<=1kb)	-568	6	41090484	41091001	518	1	ENSMUSG00000095574	ENSMUST00000103267	3	Trbv12-1	ensembl_havana	TR_V_gene
Mouse BM 62.20%	7	71856532	71856532	1	+	5	Distal Intergenic	96023	7	71760509	71763204	2696	1	ENSMUSG00000108427	ENSMUST00000205418	2	Gm36696	havana	lncRNA
Mouse BM 62.20%	2	142822548	142822548	1	+	6	Distal Intergenic	77663	2	142744885	142745492	608	1	ENSMUSG00000086504	ENSMUST00000124774	2	Kif16bos	havana	lncRNA
Mouse BM 62.20%	6	33982957	33982957	1	-	11	Distal Intergenic	-13611	6	33961924	33969346	7423	2	ENSMUSG00000087441	ENSMUST00000155496	2	Gm13853	havana	lncRNA
Mouse BM 62.20%	12	108184057	108184057	1	+	5	Distal Intergenic	18713	12	108165344	108168405	3062	1	ENSMUSG00000021258	ENSMUST00000223363	11	Ccnk	ensembl_havana	protein_coding
Mouse BM 62.20%	12	8025195	8025195	1	+	3	Distal Intergenic	-2453	12	8027648	8037818	10171	1	ENSMUSG00000020609	ENSMUST00000171271	15	Apob	ensembl_havana	protein_coding
Mouse BM 62.20%	17	37266115	37266115	1	+	5	Distal Intergenic	-3369	17	37269484	37276514	7031	1	ENSMUSG00000036214	ENSMUST00000040177	15	Polr1has	ensembl_havana	protein_coding
Mouse BM 62.20%	1	27808472	27808472	1	+	3	Distal Intergenic	-114587	1	27923059	27941903	18845	1	ENSMUSG00000101514	ENSMUST00000185409	3	Gm5524	havana	lncRNA
Mouse BM 62.20%	13	111560204	111560204	1	+	3	Distal Intergenic	61994	13	111498210	111498453	244	1	ENSMUSG00000082258	ENSMUST00000117793	2	Gm15289	havana	processed_pseudogene
Mouse BM 62.20%	15	80995414	80995414	1	-	2	Intron (ENSMUST00000134469/ENSMUSG00000042292, intron 3 of 14)	4632	15	80999234	81000046	813	2	ENSMUSG00000116321	ENSMUST00000230595	2	Gm49522	havana	TEC
Mouse BM 62.20%	12	63849833	63849833	1	+	3	Distal Intergenic	-124895	12	63974728	63978535	3808	1	ENSMUSG00000113684	ENSMUST00000222419	2	Gm48418	havana	processed_pseudogene
Mouse BM 62.20%	13	99517378	99517378	1	-	2	Distal Intergenic	31751	13	99533432	99549129	15698	2	ENSMUSG00000097828	ENSMUST00000180491	3	6430562O15Rik	havana	lncRNA
Mouse BM 62.20%	2	146763811	146763811	1	+	2	Intron (ENSMUST00000099278/ENSMUSG00000074749, intron 6 of 13)	-30992	2	146794803	146812012	17210	1	ENSMUSG00000074749	ENSMUST00000135595	11	Kiz	ensembl_havana	protein_coding
Mouse BM 62.20%	14	98294588	98294588	1	+	2	Distal Intergenic	-61357	14	98355945	98356442	498	1	ENSMUSG00000086133	ENSMUST00000144274	2	Gm16331	havana	processed_pseudogene
Mouse BM 37.00%	11	31849139	31849139	1	+	12	Intron (ENSMUST00000020543/ENSMUSG00000020300, intron 2 of 9)	25864	11	31823275	31885634	62360	1	ENSMUSG00000020300	ENSMUST00000155278	15	Cpeb4	ensembl_havana	protein_coding
Mouse BM 37.00%	11	100610476	100610476	1	-	6	Intron (ENSMUST00000107364/ENSMUSG00000019173, intron 2 of 5)	-7185	11	100595572	100603291	7720	2	ENSMUSG00000020918	ENSMUST00000006973	15	Kat2a	ensembl_havana	protein_coding
Mouse BM 37.00%	X	52489919	52489919	1	+	8	Distal Intergenic	-17289	20	52507208	52507844	637	1	ENSMUSG00000083798	ENSMUST00000118956	2	Gm14584	havana	processed_pseudogene
Mouse BM 37.00%	3	89000757	89000757	1	+	5	Distal Intergenic	-23274	3	89024031	89024283	253	1	ENSMUSG00000105654	ENSMUST00000196011	2	Gm29704	havana	processed_pseudogene
Mouse BM 37.00%	6	127508800	127508800	1	-	3	Distal Intergenic	-163358	6	127344910	127345442	533	2	ENSMUSG00000107243	ENSMUST00000202011	2	Gm43631	havana	processed_pseudogene
Mouse BM 37.00%	15	6739597	6739597	1	+	4	Intron (ENSMUST00000228918/ENSMUSG00000050310, intron 2 of 9)	1733	15	6737864	6829882	92019	1	ENSMUSG00000050310	ENSMUST00000061656	10	Rictor	ensembl_havana	protein_coding
Mouse BM 37.00%	10	52147015	52147015	1	-	3	Distal Intergenic	72738	10	52217368	52219753	2386	2	ENSMUSG00000112550	ENSMUST00000218299	2	Gm6627	havana	processed_pseudogene
Mouse BM 37.00%	14	64511648	64511648	1	+	2	Distal Intergenic	157885	14	64353763	64365054	11292	1	ENSMUSG00000114284	ENSMUST00000225122	2	9630015K15Rik	havana	lncRNA
Mouse BM 37.00%	19	22451369	22451369	1	-	2	Distal Intergenic	-25140	19	22415914	22426229	10316	2	ENSMUSG00000098739	ENSMUST00000185015	2	Gm27151	havana	lncRNA
Mouse BM 38.90%	4	59006981	59006981	1	+	6	Intron (ENSMUST00000148366/ENSMUSG00000070972, intron 2 of 3)	3788	4	59003193	59023740	20548	1	ENSMUSG00000070972	ENSMUST00000153467	14	Dnajc25	ensembl_havana	protein_coding
Mouse BM 38.90%	2	152872179	152872179	1	-	6	Distal Intergenic	-14832	2	152850810	152857347	6538	2	ENSMUSG00000027472	ENSMUST00000028972	15	Pdrg1	ensembl_havana	protein_coding
Mouse BM 38.90%	16	55530857	55530857	1	-	4	Distal Intergenic	68650	16	55599408	55599507	100	2	ENSMUSG00000088450	ENSMUST00000157825	3	Gm26369	ensembl	snRNA
Mouse BM 38.90%	1	15958672	15958672	1	-	6	Intron (ENSMUST00000040695/ENSMUSG00000032719, intron 1 of 4)	4274	1	15924086	15962946	38861	2	ENSMUSG00000032719	ENSMUST00000040695	5	Sbspon	ensembl_havana	protein_coding
Mouse BM 38.90%	2	9281644	9281644	1	-	2	Distal Intergenic	-6324	2	9274891	9275320	430	2	ENSMUSG00000083423	ENSMUST00000121712	2	Gm13221	havana	processed_pseudogene
Mouse BM 38.90%	1	173122187	173122187	1	-	4	Distal Intergenic	-16843	1	173101949	173105344	3396	2	ENSMUSG00000079180	ENSMUST00000111224	5	Mptx2	ensembl_havana	protein_coding
Mouse BM 38.90%	4	141781966	141781966	1	-	2	Intron (ENSMUST00000036572/ENSMUSG00000040616, intron 1 of 2)	-6077	4	141770223	141775889	5667	2	ENSMUSG00000085574	ENSMUST00000128385	2	Gm13053	havana	lncRNA
Mouse BM 38.90%	2	28903975	28903975	1	-	2	Intron (ENSMUST00000189027/ENSMUSG00000079502, intron 1 of 6)	25397	2	28817846	28929372	111527	2	ENSMUSG00000079502	ENSMUST00000190049	9	Cfap77	ensembl_havana	protein_coding
Mouse BM 38.90%	1	130699971	130699971	1	-	2	Distal Intergenic	-8094	1	130691149	130691877	729	2	ENSMUSG00000099556	ENSMUST00000243614	3	Gm28857	havana	lncRNA
